City,State,Latitude,Longitude,Population
Affton,MO,38.5499,-90.3264,20035
Mayfield Heights,OH,41.5174,-81.4534,20082
Port Angeles,WA,48.1141,-123.4565,20087
Nanuet,NY,41.0957,-74.0155,20089
La Cañada Flintridge,CA,34.2097,-118.2002,20094
East Massapequa,NY,40.6742,-73.4359,20142
Rolla,MO,37.9459,-91.7607,20144
Palisades Park,NJ,40.8472,-73.9966,20192
Centerton,AR,36.3566,-94.2971,20212
Sherwood,OR,45.3594,-122.8427,20227
Lynbrook,NY,40.6579,-73.6742,20251
Morristown,NJ,40.7967,-74.4772,20256
Westminster,MD,39.5796,-77.0067,20257
Howard,WI,44.5703,-88.0928,20261
Lennox,CA,33.938,-118.3586,20289
East Hemet,CA,33.7301,-116.941,20292
Monroe,MI,41.9155,-83.3849,20330
North Amityville,NY,40.7005,-73.4119,20364
Portland,TX,27.8942,-97.3278,20369
Makakilo,HI,21.3591,-158.0813,20372
Meadowbrook,VA,37.4301,-77.474,20383
Lomita,CA,33.7933,-118.3175,20409
Frankfort,IL,41.4892,-87.8363,20417
Culpeper,VA,38.4704,-78.0001,20437
Buckhall,VA,38.7239,-77.4476,20447
Painesville,OH,41.724,-81.2536,20453
Sidney,OH,40.2891,-84.1667,20457
Golden,CO,39.7406,-105.2118,20467
Westbrook,ME,43.6954,-70.3539,20484
South Burlington,VT,44.4622,-73.2202,20488
Libertyville,IL,42.287,-87.967,20493
Adrian,MI,41.8994,-84.0447,20493
North Bay Shore,NY,40.7602,-73.2617,20501
Piqua,OH,40.1506,-84.2441,20533
South Milwaukee,WI,42.912,-87.8627,20547
Merrifield,VA,38.8731,-77.2426,20549
Altoona,IA,41.6483,-93.4783,20592
Arlington,WA,48.1701,-122.1442,20599
Pleasantville,NJ,39.39,-74.5169,20604
Pittsburg,KS,37.4129,-94.6985,20606
Bethany,OK,35.5071,-97.6418,20606
Parma Heights,OH,41.3865,-81.7637,20616
Shafter,CA,35.4794,-119.2013,20618
Groveland,FL,28.6098,-81.8246,20621
Elko,NV,40.8381,-115.7678,20624
South St. Paul,MN,44.8877,-93.0411,20633
Saco,ME,43.539,-70.4624,20636
Tullahoma,TN,35.3721,-86.2172,20672
Northfield,MN,44.455,-93.1698,20678
Forest Lake,MN,45.2536,-92.9582,20678
West Pensacola,FL,30.4263,-87.2679,20679
Marquette,MI,46.544,-87.4082,20691
Lockport,NY,43.1698,-78.6956,20699
Wade Hampton,SC,34.8821,-82.3336,20703
Montrose,CO,38.4689,-107.859,20703
Grayslake,IL,42.3405,-88.0338,20707
Midway,FL,30.4169,-87.0229,20745
Fate,TX,32.943,-96.3858,20757
West Hempstead,NY,40.6959,-73.6507,20762
Hauppauge,NY,40.8211,-73.2109,20772
North Bellmore,NY,40.6904,-73.539,20776
North Liberty,IA,41.7438,-91.6112,20782
Louisville,CO,39.971,-105.1441,20788
Rosamond,CA,34.8658,-118.2155,20835
East Moline,IL,41.5199,-90.3879,20837
Murrysville,PA,40.4456,-79.6554,20839
Rosedale,MD,39.3266,-76.5084,20845
Mill Creek,WA,47.8631,-122.2037,20846
Hyattsville,MD,38.9613,-76.9548,20861
Arbutus,MD,39.2428,-76.6922,20869
Arnold,MO,38.4297,-90.3733,20884
Park Forest,IL,41.4817,-87.6867,20898
Germantown,WI,43.2343,-88.1217,20940
Imperial,CA,32.839,-115.572,20943
Vicksburg,MS,32.3173,-90.8868,20944
St. Andrews,SC,34.051,-81.1057,20953
Brushy Creek,TX,30.5128,-97.7386,20953
Fort Walton Beach,FL,30.4255,-86.6222,20956
Covington,WA,47.3667,-122.1045,20957
Princeton,TX,33.1778,-96.5044,20966
Anna,TX,33.3472,-96.5508,20975
Dolton,IL,41.6284,-87.5979,20979
Murphy,TX,33.0186,-96.6105,21001
Sulphur,LA,30.2286,-93.3566,21004
Bothell West,WA,47.8056,-122.2401,21014
South Holland,IL,41.5977,-87.6022,21016
Lealman,FL,27.8197,-82.6847,21026
Silverdale,WA,47.6663,-122.6828,21046
Gardner,MA,42.5845,-71.9868,21075
West St. Paul,MN,44.9018,-93.0858,21076
Hays,KS,38.8821,-99.3221,21078
Mineola,NY,40.747,-73.6394,21082
Hanahan,SC,32.9302,-80.0027,21119
Old Jamestown,MO,38.8394,-90.2847,21121
Bryant,AR,34.6152,-92.4914,21125
Willmar,MN,45.1216,-95.0569,21136
Baldwin,PA,40.369,-79.9669,21159
Carrboro,NC,35.9259,-79.0878,21170
Snellville,GA,33.8562,-84.0038,21203
Montgomery,IL,41.7237,-88.3633,21205
Lebanon,OH,39.4254,-84.2133,21216
Hunters Creek,FL,28.361,-81.4358,21255
Milwaukie,OR,45.4445,-122.6219,21256
Elmwood Park,NJ,40.9049,-74.1201,21287
Mustang,OK,35.3917,-97.7246,21290
Battle Ground,WA,45.7766,-122.5413,21293
Geneva,IL,41.8833,-88.3242,21299
Mukilteo,WA,47.9096,-122.3035,21312
Mesquite,NV,36.8032,-114.133,21314
Candler-McAfee,GA,33.7267,-84.2723,21316
Stevenson Ranch,CA,34.3894,-118.5883,21317
South Lake Tahoe,CA,38.9393,-119.9828,21319
Gallup,NM,35.5182,-108.7431,21333
Carlisle,PA,40.2,-77.2034,21335
Ashland,OR,42.1905,-122.6992,21343
Stephenville,TX,32.2147,-98.2205,21345
Otsego,MN,45.266,-93.6201,21358
East Patchogue,NY,40.7704,-72.9817,21364
Granite Bay,CA,38.7601,-121.1714,21378
New Hope,MN,45.0375,-93.3869,21402
Ashland,KY,38.4592,-82.6448,21405
Mountlake Terrace,WA,47.7921,-122.3077,21419
Mount Pleasant,MI,43.5966,-84.7759,21420
Secaucus,NJ,40.781,-74.0659,21437
Five Corners,WA,45.6883,-122.5738,21444
Helena,AL,33.2837,-86.8791,21452
North Ogden,UT,41.3123,-111.9584,21473
Tukwila,WA,47.475,-122.2728,21479
Rose Hill,VA,38.7872,-77.1085,21484
Rocky River,OH,41.4702,-81.8525,21490
Pleasant Prairie,WI,42.5266,-87.8895,21515
Florida Ridge,FL,27.5805,-80.3848,21517
Lindenwold,NJ,39.8173,-74.9898,21534
Seymour,IN,38.9476,-85.8911,21536
Ennis,TX,32.3254,-96.6347,21546
Del City,OK,35.4483,-97.4408,21561
Waxhaw,NC,34.9363,-80.7439,21565
Alliance,OH,40.9107,-81.1189,21574
Clemmons,NC,36.0319,-80.3861,21574
Green Valley,AZ,31.8393,-111.0009,21581
South Euclid,OH,41.524,-81.5245,21606
Birmingham,MI,42.5446,-83.2166,21612
Dickinson,TX,29.4548,-95.0589,21612
Valinda,CA,34.04,-117.93,21626
St. John,IN,41.4429,-87.4697,21639
Willowbrook,CA,33.9209,-118.2356,21642
Hurricane,UT,37.1487,-113.3517,21677
Port Hueneme,CA,34.1618,-119.2036,21691
American Canyon,CA,38.1796,-122.2583,21698
Selden,NY,40.8714,-73.0466,21707
Harvey,LA,29.8876,-90.0666,21710
New Castle,PA,40.9956,-80.3458,21727
Yucca Valley,CA,34.1234,-116.4216,21744
Holiday,FL,28.1864,-82.7429,21768
Lakeside,CA,32.856,-116.904,21788
Four Square Mile,CO,39.6808,-104.888,21788
Silver Firs,WA,47.8635,-122.1497,21796
Rio Rico,AZ,31.4957,-110.9885,21798
Suwanee,GA,34.0508,-84.0686,21811
Pascagoula,MS,30.3666,-88.5506,21812
Carbondale,IL,37.7221,-89.2237,21813
Merrick,NY,40.6515,-73.5535,21816
Massapequa,NY,40.6676,-73.4706,21822
Woodlawn,VA,38.7332,-77.1149,21828
Lino Lakes,MN,45.1679,-93.083,21847
Darien,IL,41.7448,-87.9822,21855
Shelby,NC,35.2904,-81.5451,21868
Parsippany,NJ,40.8645,-74.4135,21869
Sedalia,MO,38.7059,-93.234,21869
Klamath Falls,OR,42.2195,-121.7754,21879
West Carson,CA,33.8229,-118.2931,21909
Duarte,CA,34.161,-117.9504,21921
Golden Valley,MN,44.9901,-93.3591,21927
Ozark,MO,37.0365,-93.2158,21953
Chillicothe,OH,39.3393,-82.9939,21958
Lorton,VA,38.6983,-77.2164,21961
Mililani Mauka,HI,21.4756,-157.9948,21967
Winter Gardens,CA,32.8376,-116.9268,22003
Columbia Heights,MN,45.0484,-93.2472,22016
East Ridge,TN,34.9973,-85.2285,22034
Hastings,MN,44.7318,-92.8538,22050
Chambersburg,PA,39.9315,-77.6556,22051
Langley Park,MD,38.9897,-76.9808,22057
Oxford,AL,33.5967,-85.8687,22063
Oxford,OH,39.5061,-84.7446,22069
Sanford,ME,43.4244,-70.7573,22095
Allison Park,PA,40.573,-79.9603,22108
Clarksville,IN,38.322,-85.7673,22121
La Porte,IN,41.6069,-86.7142,22125
Sunny Isles Beach,FL,25.9385,-80.1246,22125
Bayou Cane,LA,29.6243,-90.751,22143
Mountain Brook,AL,33.4871,-86.74,22160
Camp Springs,MD,38.8052,-76.9199,22174
West Puente Valley,CA,34.0513,-117.9681,22198
Payson,UT,40.0355,-111.739,22205
Ruston,LA,32.5328,-92.6363,22224
Middleton,WI,43.1064,-89.5059,22235
Perry,GA,32.472,-83.7283,22243
Rancho San Diego,CA,32.7624,-116.9197,22264
Evans,CO,40.366,-104.739,22265
Sapulpa,OK,36.0091,-96.1003,22268
Montclair,VA,38.6111,-77.34,22295
Marion Oaks,FL,29.0011,-82.1953,22296
Hillsborough,NJ,40.5069,-74.6523,22302
Hayesville,OR,44.9793,-122.9738,22309
Marina,CA,36.681,-121.7892,22324
Cudahy,CA,33.9631,-118.183,22325
Foley,AL,30.3983,-87.665,22330
Yorkville,IL,41.6563,-88.4507,22350
The Crossings,FL,25.6708,-80.4018,22359
Acworth,GA,34.0566,-84.6716,22370
Bloomingdale,IL,41.9497,-88.0895,22388
Junction City,KS,39.0277,-96.8508,22431
Chalmette,LA,29.9438,-89.966,22447
McNair,VA,38.9513,-77.4115,22451
Roselle,NJ,40.6527,-74.2599,22455
Villa Park,IL,41.8865,-87.9779,22456
Biddeford,ME,43.4673,-70.4511,22463
Central Falls,RI,41.8901,-71.3934,22481
East Peoria,IL,40.6736,-89.5419,22485
Summit,NJ,40.7154,-74.3647,22512
Greenwood,SC,34.1947,-82.1542,22527
West Rancho Dominguez,CA,33.9057,-118.2683,22560
Kihei,HI,20.7653,-156.4454,22564
Waynesboro,VA,38.0674,-78.9014,22574
Albertville,AL,34.2633,-86.2108,22584
Millbrae,CA,37.5994,-122.4023,22589
DeBary,FL,28.8815,-81.324,22602
Bear,DE,39.6189,-75.6808,22604
Anthem,AZ,33.856,-112.1168,22622
Corcoran,CA,36.0841,-119.5613,22626
Hialeah Gardens,FL,25.8878,-80.3569,22634
North Plainfield,NJ,40.6209,-74.4386,22667
Avon,IN,39.7601,-86.3916,22683
Crystal,MN,45.0377,-93.3599,22685
Sun Valley,NV,39.6104,-119.777,22697
Vega Baja,PR,18.4406,-66.3997,22730
Roselle,IL,41.9809,-88.0861,22731
Martha Lake,WA,47.8479,-122.2327,22740
Machesney Park,IL,42.3666,-89.0266,22744
Cataño,PR,18.4375,-66.144,22768
Bonney Lake,WA,47.1791,-122.17,22776
Laguna Beach,CA,33.5455,-117.7613,22777
Ashland,CA,37.6942,-122.1159,22784
Christiansburg,VA,37.1406,-80.4036,22820
Ramona,CA,33.0474,-116.8766,22829
Coralville,IA,41.699,-91.5967,22846
Watertown,SD,44.9094,-97.1532,22859
Garden City,NY,40.7266,-73.6447,22866
Corinth,TX,33.1434,-97.0682,22868
Calabasas,CA,34.1375,-118.6689,22869
Duncan,OK,34.5408,-97.9215,22872
Watertown,WI,43.1893,-88.7285,22873
New Brighton,MN,45.0658,-93.206,22900
West Springfield,VA,38.7771,-77.2268,22905
Keene,NH,42.9494,-72.2998,22923
Prairie Village,KS,38.9874,-94.6362,22937
Hopewell,VA,37.2915,-77.2985,22944
Radcliff,KY,37.8204,-85.9365,22967
Hudson,OH,41.2399,-81.4408,23007
North Platte,NE,41.1263,-100.7641,23030
Kapolei,HI,21.3399,-158.0677,23033
Ensley,FL,30.5259,-87.2733,23036
Trotwood,OH,39.7926,-84.3165,23041
Horizon City,TX,31.6799,-106.1903,23069
Hazel Dell,WA,45.6797,-122.6553,23086
Searcy,AR,35.2418,-91.7351,23115
Jasmine Estates,FL,28.293,-82.6907,23151
Oakdale,CA,37.7618,-120.8468,23155
Cottage Lake,WA,47.7466,-122.0755,23170
Maywood,IL,41.8798,-87.8442,23173
Loves Park,IL,42.3364,-88.9975,23185
Athens,OH,39.327,-82.0987,23211
Linda,CA,39.1241,-121.5421,23215
Rock Springs,WY,41.5947,-109.2209,23229
North Salt Lake,UT,40.8439,-111.9187,23239
Cockeysville,MD,39.4804,-76.6294,23265
Union Hill-Novelty Hill,WA,47.6788,-122.0284,23272
Waverly,MI,42.7401,-84.6354,23301
Edgewater,FL,28.9594,-80.9406,23314
Copiague,NY,40.6707,-73.3922,23332
Watauga,TX,32.8719,-97.2515,23336
Maple Heights,OH,41.4094,-81.5625,23350
Fairhope,AL,30.5209,-87.8813,23360
Glassboro,NJ,39.7014,-75.1113,23375
Pottstown,PA,40.2508,-75.6445,23392
Lisle,IL,41.7918,-88.0888,23413
Blue Island,IL,41.6578,-87.6811,23416
Brent,FL,30.4727,-87.2495,23441
Cherry Hill,VA,38.5696,-77.2895,23443
Rosemont,CA,38.5478,-121.3553,23448
Champlin,MN,45.1702,-93.3903,23450
Eastmont,WA,47.8968,-122.1818,23486
Clinton,UT,41.1395,-112.0656,23492
Chester,VA,37.3531,-77.4342,23519
East San Gabriel,CA,34.1157,-118.0791,23521
Van Buren,AR,35.4483,-94.3528,23545
Eustis,FL,28.8563,-81.6771,23567
Muscatine,IA,41.4195,-91.068,23567
Kenmore,WA,47.7516,-122.2489,23594
Jacksonville Beach,FL,30.2782,-81.4045,23601
Ladera Ranch,CA,33.5492,-117.6417,23609
Columbus,MS,33.5088,-88.4096,23616
Cartersville,GA,34.1644,-84.8009,23617
Fernley,NV,39.5627,-119.1906,23631
Freeport,IL,42.2891,-89.6346,23636
Marshall,TX,32.537,-94.3515,23646
Griffin,GA,33.2418,-84.2748,23650
North Lynnwood,WA,47.8533,-122.2762,23653
Farmington,MN,44.6572,-93.1687,23675
Taylors,SC,34.9157,-82.3124,23686
Brookings,SD,44.3022,-96.7859,23710
San Fernando,CA,34.2886,-118.4362,23716
Munster,IN,41.5468,-87.504,23733
Chantilly,VA,38.8868,-77.4453,23744
Highland,IN,41.5483,-87.4588,23749
Fountain Hills,AZ,33.6073,-111.7398,23768
Belton,TX,31.0525,-97.479,23769
Webster Groves,MO,38.5866,-90.3544,23771
Roseburg,OR,43.2231,-123.352,23773
Bayonet Point,FL,28.3254,-82.6834,23787
Burlington,IA,40.8071,-91.1247,23800
Pickerington,OH,39.889,-82.7678,23828
Raymore,MO,38.8029,-94.4583,23849
Somerset,NJ,40.5083,-74.501,23851
Arnold,MD,39.0437,-76.4974,23866
Katy,TX,29.7905,-95.8353,23900
Willoughby,OH,41.6459,-81.4084,23934
Kingston,NY,41.9295,-73.9968,23942
Easley,SC,34.8188,-82.5827,23942
Solon,OH,41.3865,-81.44,23970
Bloomingdale,FL,27.8784,-82.2624,23979
Rolling Meadows,IL,42.0747,-88.0252,23981
Elmwood Park,IL,41.9225,-87.8163,23982
South Elgin,IL,41.9906,-88.3135,23984
North Potomac,MD,39.0955,-77.2373,23994
Brambleton,VA,38.9803,-77.5323,23999
Gardner,KS,38.8122,-94.9275,24020
White Bear Lake,MN,45.0656,-93.015,24026
Coral Terrace,FL,25.7464,-80.3049,24051
Papillion,NE,41.1511,-96.0665,24063
Bay Point,CA,38.0329,-121.9615,24065
Middletown,DE,39.445,-75.7183,24071
Fresno,TX,29.5357,-95.4696,24087
Emporia,KS,38.4028,-96.1932,24098
Wekiwa Springs,FL,28.6984,-81.4251,24109
Shelbyville,TN,35.4987,-86.4517,24125
Collinsville,IL,38.677,-90.0063,24126
Nixa,MO,37.0453,-93.2959,24131
Lexington,SC,33.989,-81.2202,24132
West Memphis,AR,35.153,-90.1996,24147
Liberty Triangle,FL,29.076,-82.2191,24178
Columbus,NE,41.4366,-97.3565,24188
Johnston,IA,41.691,-93.7234,24196
Westmont,IL,41.7948,-87.9742,24201
Frederickson,WA,47.0916,-122.3603,24219
South Plainfield,NJ,40.5748,-74.4152,24231
Palmetto Bay,FL,25.6219,-80.3221,24247
Mandan,ND,46.829,-100.887,24293
Auburn,ME,44.0851,-70.2492,24294
Wadsworth,OH,41.0279,-81.7323,24302
Patterson,CA,37.4758,-121.1536,24306
Greenfield,IN,39.7937,-85.7738,24308
Farragut,TN,35.8731,-84.1821,24309
Bloomington,CA,34.0601,-117.4013,24324
Ponca City,OK,36.7235,-97.0677,24377
Oak Ridge,FL,28.4727,-81.4169,24395
Oak Harbor,WA,48.2964,-122.6333,24396
Clinton,IA,41.8435,-90.2412,24425
Benbrook,TX,32.6788,-97.4637,24430
Riverside,OH,39.7835,-84.1219,24432
Faribault,MN,44.2996,-93.2789,24458
Zion,IL,42.4603,-87.8511,24466
Saginaw,TX,32.8657,-97.3654,24467
Decatur,GA,33.7711,-84.2963,24470
Soledad,CA,36.4432,-121.3426,24476
Fairfax,VA,38.8531,-77.2997,24478
World Golf Village,FL,29.9654,-81.4896,24485
Belvidere,IL,42.2543,-88.8649,24510
Pelham,AL,33.3114,-86.7573,24510
Melrose Park,IL,41.903,-87.8636,24513
Homer Glen,IL,41.6043,-87.9497,24516
Herndon,VA,38.9699,-77.3867,24529
Kerrville,TX,30.0398,-99.132,24532
Ridgeland,MS,32.4236,-90.1481,24548
Landover,MD,38.9241,-76.8875,24558
Greenbelt,MD,38.9953,-76.8885,24572
Watertown,NY,43.9734,-75.9094,24574
Selma,CA,36.5715,-119.6143,24586
Maywood,CA,33.9886,-118.1877,24593
Wyandotte,MI,42.2113,-83.1558,24593
Bainbridge Island,WA,47.6439,-122.5434,24607
Port St. John,FL,28.4757,-80.8104,24617
Belton,MO,38.8192,-94.5335,24618
Socastee,SC,33.6871,-79.0086,24629
Cloverleaf,TX,29.7882,-95.1724,24630
Suitland,MD,38.8492,-76.9225,24667
San Benito,TX,26.1298,-97.644,24677
Paris,TX,33.6688,-95.546,24678
Morton Grove,IL,42.0423,-87.789,24687
Zanesville,OH,39.9565,-82.0132,24726
Sandusky,OH,41.4468,-82.7024,24748
Ardmore,OK,34.1949,-97.1256,24757
Big Spring,TX,32.2389,-101.4799,24769
Fort Dodge,IA,42.5098,-94.1751,24788
Pecan Grove,TX,29.6235,-95.733,24798
Yukon,OK,35.5201,-97.7639,24802
Centerville,OH,39.6339,-84.1449,24815
Westchase,FL,28.0597,-82.611,24818
Seal Beach,CA,33.7542,-118.0714,24868
Riverbank,CA,37.726,-120.9433,24881
Auburn Hills,MI,42.6735,-83.2448,24911
North Augusta,SC,33.5214,-81.9547,24928
Farmington,UT,40.9845,-111.9065,24934
Romulus,MI,42.2237,-83.366,24951
Barberton,OH,41.0095,-81.6037,24977
Norton Shores,MI,43.1621,-86.2519,25000
Hastings,NE,40.5961,-98.39,25005
Loma Linda,CA,34.045,-117.2498,25021
King of Prussia,PA,40.0963,-75.3821,25025
Newport,RI,41.4801,-71.3203,25029
Dix Hills,NY,40.8033,-73.3375,25042
Bellview,FL,30.462,-87.312,25051
Kingsville,TX,27.5094,-97.861,25061
Perrysburg,OH,41.5377,-83.6413,25065
Avon,OH,41.4485,-82.0187,25082
University Park,TX,32.8506,-96.7937,25104
Mountain House,CA,37.7673,-121.5449,25108
Simpsonville,SC,34.7287,-82.2569,25125
Muskego,WI,42.886,-88.1291,25156
Edgewood,MD,39.419,-76.2964,25170
Carteret,NJ,40.5849,-74.2284,25187
Barstow,CA,34.8661,-117.0471,25198
North Laurel,MD,39.1285,-76.8476,25201
Walker,MI,42.9853,-85.7446,25201
Dinuba,CA,36.5453,-119.3987,25201
Norco,CA,33.9252,-117.5498,25211
Hazelwood,MO,38.7931,-90.3899,25214
Dickinson,ND,46.8918,-102.7925,25216
Mequon,WI,43.2352,-87.9839,25259
Holt,MI,42.6416,-84.5308,25275
Lafayette,CA,37.8919,-122.1189,25277
Mercer Island,WA,47.5661,-122.232,25282
Sugar Hill,GA,34.108,-84.0558,25285
Caledonia,WI,42.7986,-87.8762,25292
Corsicana,TX,32.0824,-96.4665,25344
Denison,TX,33.7672,-96.5808,25347
Ottumwa,IA,41.0195,-92.4186,25352
Brandon,MS,32.2778,-89.9896,25352
De Pere,WI,44.4308,-88.0785,25368
Northdale,FL,28.1058,-82.5263,25420
West Chicago,IL,41.896,-88.2253,25434
Reedley,CA,36.5988,-119.4471,25446
Avon Lake,OH,41.4944,-82.0159,25456
Bailey's Crossroads,VA,38.8477,-77.1305,25458
West Whittier-Los Nietos,CA,33.9759,-118.0689,25459
Mill Creek East,WA,47.8361,-122.1877,25461
Salem,VA,37.2864,-80.0555,25477
Peekskill,NY,41.2884,-73.9227,25484
Stevens Point,WI,44.5241,-89.5507,25497
Okemos,MI,42.7057,-84.4135,25503
Tarpon Springs,FL,28.1493,-82.7623,25522
Xenia,OH,39.6829,-83.9413,25555
Happy Valley,OR,45.4358,-122.5081,25572
Cliffside Park,NJ,40.8222,-73.9879,25580
Nocatee,FL,30.0927,-81.4095,25581
South Bradenton,FL,27.4612,-82.5822,25585
Moses Lake,WA,47.1279,-119.2759,25594
Inkster,MI,42.2935,-83.3148,25602
Starkville,MS,33.4608,-88.8297,25611
Newberg,OR,45.3075,-122.9601,25622
Immokalee,FL,26.4253,-81.4251,25624
Pace,FL,30.6188,-87.1667,25630
Bessemer,AL,33.3712,-86.9728,25655
Galt,CA,38.2698,-121.3004,25665
Columbine,CO,39.5879,-105.0694,25681
Medford,NY,40.822,-72.9859,25681
Palm City,FL,27.1735,-80.2862,25699
Allendale,MI,42.9845,-85.9499,25741
Sebastian,FL,27.7822,-80.4819,25759
Staunton,VA,38.1593,-79.0611,25765
Rockville Centre,NY,40.6643,-73.6383,25770
El Cerrito,CA,37.9196,-122.3025,25781
Fort Hood,TX,31.1357,-97.7834,25786
Derby,KS,37.5571,-97.2551,25801
Grandview,MO,38.8802,-94.5227,25821
Key West,FL,24.5642,-81.7775,25824
Fort Washington,MD,38.7339,-77.0069,25843
Terrytown,LA,29.9014,-90.0279,25844
Ballenger Creek,MD,39.3807,-77.4206,25866
Moscow,ID,46.7308,-116.9986,25868
Imperial Beach,CA,32.5693,-117.118,25897
Colleyville,TX,32.8913,-97.1486,25906
Fish Hawk,FL,27.8511,-82.2164,25945
Lodi,NJ,40.8784,-74.0814,25946
Kuna,ID,43.488,-116.3933,25960
Florence,AZ,33.059,-111.4209,25961
Norfolk,NE,42.0324,-97.4217,25962
Winona,MN,44.0505,-91.6684,25998
Franklin,IN,39.4948,-86.0544,25999
Chanhassen,MN,44.8546,-93.5621,26001
Cave Spring,VA,37.2254,-80.0072,26014
North Tustin,CA,33.7636,-117.7947,26038
Medina,OH,41.1358,-81.8695,26040
Ridgewood,NJ,40.9821,-74.1127,26076
Conway,SC,33.8401,-79.0431,26082
Oxford,MS,34.3627,-89.5336,26086
Ives Estates,FL,25.9632,-80.183,26154
East Chicago,IN,41.6469,-87.4545,26158
Austin,MN,43.6721,-92.9784,26167
Windsor,CA,38.5422,-122.8089,26179
Trussville,AL,33.6405,-86.5815,26182
Wilsonville,OR,45.3109,-122.7702,26183
Elkridge,MD,39.1941,-76.7428,26183
Fairland,MD,39.0803,-76.9527,26183
Wasco,CA,35.5938,-119.3671,26222
Lockport,IL,41.5906,-88.0293,26228
Hercules,CA,38.0064,-122.2564,26245
Plainview,NY,40.7832,-73.4732,26251
Holbrook,NY,40.7944,-73.07,26256
South Salt Lake,UT,40.7057,-111.8986,26277
South Pasadena,CA,34.1103,-118.1573,26297
Eureka,CA,40.7943,-124.1564,26302
Leland,NC,34.2042,-78.0279,26307
Woodstock,IL,42.3096,-88.4353,26316
Elmira,NY,42.0938,-76.8097,26349
Elk River,MN,45.3314,-93.567,26367
Carolina Forest,SC,33.7651,-78.913,26373
Forest Grove,OR,45.5243,-123.1097,26406
Owatonna,MN,44.0912,-93.2312,26462
Venice,FL,27.1184,-82.4137,26467
Auburn,NY,42.9338,-76.5685,26475
Paramus,NJ,40.9455,-74.0712,26500
Rosemount,MN,44.7466,-93.0661,26509
Sanger,CA,36.699,-119.5575,26515
Jenks,OK,35.9981,-95.9736,26519
Tumwater,WA,46.9891,-122.9175,26519
Marysville,OH,40.2279,-83.3595,26540
Edwardsville,IL,38.7922,-89.9874,26543
Superior,WI,46.6941,-92.0823,26550
West Islip,NY,40.7041,-73.2954,26559
Horn Lake,MS,34.9512,-90.0501,26622
Wheeling,WV,40.0752,-80.6951,26670
Granite City,IL,38.7296,-90.1268,26670
Troy,OH,40.0437,-84.2186,26716
Palm River-Clair Mel,FL,27.9239,-82.3791,26719
Keystone,FL,28.1312,-82.5999,26723
Shoreview,MN,45.0842,-93.1358,26724
Batavia,IL,41.8479,-88.3109,26730
Lutz,FL,28.1396,-82.4467,26731
Cabot,AR,34.9766,-92.0274,26733
Ewa Gentry,HI,21.3344,-158.0262,26738
Vernon Hills,IL,42.234,-87.9608,26772
Camas,WA,45.6005,-122.4304,26779
South Portland,ME,43.631,-70.2895,26780
Kalispell,MT,48.2153,-114.3274,26830
Woodburn,OR,45.1472,-122.8603,26845
Benicia,CA,38.0725,-122.1526,26861
Palm Springs,FL,26.6348,-80.0969,26871
Plum,PA,40.5024,-79.7495,26873
Oak Forest,IL,41.6054,-87.7527,26888
Paducah,KY,37.0711,-88.644,26894
Garden City,MI,42.3244,-83.3412,26910
Leisure City,FL,25.4935,-80.4363,26917
Temple Terrace,FL,28.0436,-82.3773,26922
Brawley,CA,32.9783,-115.5287,26934
Chicago Heights,IL,41.51,-87.6345,26938
Mint Hill,NC,35.1783,-80.6528,26954
Waukee,IA,41.5985,-93.8869,26974
Fulshear,TX,29.693,-95.8804,26986
Sun City West,AZ,33.6695,-112.3573,27003
Wooster,OH,40.8172,-81.9336,27012
Lemoore,CA,36.2949,-119.7983,27023
Carrollton,GA,33.5818,-85.0838,27058
West Linn,OR,45.367,-122.6399,27065
Kahului,HI,20.8715,-156.4603,27068
Gladstone,MO,39.2134,-94.5592,27069
Lindenhurst,NY,40.6858,-73.371,27106
Mason City,IA,43.1487,-93.1997,27135
Celina,TX,33.3154,-96.7941,27141
Balch Springs,TX,32.7194,-96.6151,27181
Kent,OH,41.149,-81.361,27190
New London,CT,41.3502,-72.1022,27199
Wright,FL,30.4445,-86.6419,27233
Pooler,GA,32.1043,-81.2569,27235
Thomasville,NC,35.8813,-80.0807,27261
Union City,GA,33.5942,-84.5629,27300
Fremont,NE,41.4395,-96.4873,27321
Deer Park,NY,40.7623,-73.3218,27334
Asheboro,NC,35.7158,-79.8127,27353
Green,OH,40.9483,-81.4757,27381
Marion,IN,40.5497,-85.6604,27384
Neenah,WI,44.1669,-88.4767,27409
Clinton,MS,32.354,-90.3403,27418
Millville,NJ,39.3903,-75.0561,27432
Kernersville,NC,36.1065,-80.0842,27439
New Lenox,IL,41.5095,-87.9703,27456
Pearl,MS,32.273,-90.0918,27458
Athens,AL,34.7843,-86.9503,27474
Lemon Grove,CA,32.7331,-117.0344,27489
Marshalltown,IA,42.0343,-92.9068,27491
Mililani Town,HI,21.4465,-158.0147,27495
Belmont,CA,37.5154,-122.2953,27505
Wilmette,IL,42.0771,-87.7282,27550
Ilchester,MD,39.2187,-76.7683,27552
Silver Springs Shores,FL,29.1126,-82.0149,27556
Lochearn,MD,39.3461,-76.7307,27591
Williamsport,PA,41.2399,-77.037,27629
Drexel Heights,AZ,32.1453,-111.048,27636
West Melbourne,FL,28.0694,-80.6736,27643
Dodge City,KS,37.7611,-100.0182,27652
Mount Pleasant,WI,42.7129,-87.8876,27694
Homewood,AL,33.4619,-86.809,27697
Alvin,TX,29.3872,-95.2938,27700
Tualatin,OR,45.3772,-122.7748,27710
South Laurel,MD,39.0603,-76.8456,27736
Reisterstown,MD,39.455,-76.814,27764
McHenry,IL,42.3387,-88.2932,27774
Madison,MS,32.4738,-90.13,27775
Garden City,KS,37.9753,-100.8527,27781
Monsey,NY,41.1181,-74.0682,27787
Shirley,NY,40.7936,-72.8748,27807
Hamtramck,MI,42.3954,-83.0559,27830
Prior Lake,MN,44.7246,-93.4419,27832
Walnut,CA,34.0334,-117.8593,27857
Huntley,IL,42.1599,-88.433,27859
Lake Jackson,TX,29.0516,-95.4521,27902
New Iberia,LA,30.0049,-91.8202,27926
Williston,ND,48.1814,-103.6364,27964
Maryland Heights,MO,38.7189,-90.4749,27981
Henderson,KY,37.8397,-87.5798,27994
Tysons,VA,38.9215,-77.2273,28022
Clayton,NC,35.659,-78.4498,28043
Crestview,FL,30.7477,-86.5785,28046
Ramsey,MN,45.2617,-93.4494,28070
Glen Cove,NY,40.8709,-73.6287,28101
Oakdale,MN,44.9876,-92.9641,28109
Maple Valley,WA,47.3659,-122.0368,28121
Allen Park,MI,42.2595,-83.2107,28128
Ridgecrest,CA,35.6308,-117.6622,28138
Chaska,MN,44.8164,-93.6091,28146
Citrus Park,FL,28.073,-82.5628,28163
Short Pump,VA,37.6549,-77.6201,28177
Eagle Pass,TX,28.7125,-100.484,28186
Forney,TX,32.744,-96.4529,28222
Fortuna Foothills,AZ,32.6616,-114.3974,28227
Bergenfield,NJ,40.9236,-73.9982,28269
Glen Ellyn,IL,41.8666,-88.0629,28270
Rockledge,FL,28.3203,-80.736,28279
Fort Mill,SC,35.0061,-80.9389,28281
Aberdeen,SD,45.4649,-98.4686,28297
Apollo Beach,FL,27.7618,-82.4003,28347
Monroeville,PA,40.4262,-79.7605,28383
Jamestown,NY,42.0976,-79.2367,28401
Madison Heights,MI,42.5073,-83.1034,28411
Lansing,IL,41.5648,-87.5462,28415
Frankfort,KY,38.1924,-84.8643,28452
Laplace,LA,30.0731,-90.4758,28480
Forest Hills,MI,42.9577,-85.4895,28494
Temescal Valley,CA,33.7581,-117.4677,28560
East Niles,CA,35.3683,-118.9225,28586
Carney,MD,39.405,-76.5235,28624
Northampton,MA,42.3266,-72.6745,28640
Danville,IL,40.1426,-87.6111,28663
Daphne,AL,30.6263,-87.8816,28673
Twentynine Palms,CA,34.1478,-116.0659,28738
Converse,TX,29.5091,-98.3084,28764
Golden Gate,FL,26.1844,-81.7031,28767
Burbank,IL,41.7444,-87.7686,28822
Greenville,MS,33.385,-91.0514,28833
Lake in the Hills,IL,42.1913,-88.3477,28853
Perry Hall,MD,39.4068,-76.478,28908
Jeffersontown,KY,38.2049,-85.5701,28988
Enterprise,AL,31.3275,-85.8463,28990
Shaker Heights,OH,41.4744,-81.5496,29004
Independence,KY,38.951,-84.5492,29024
Russellville,AR,35.2762,-93.1383,29057
East Lake-Orient Park,FL,27.997,-82.3653,29064
Sachse,TX,32.9726,-96.5793,29075
Easton,PA,40.6858,-75.2209,29079
Mehlville,MO,38.5018,-90.3149,29089
East Palo Alto,CA,37.4671,-122.1352,29143
Statesville,NC,35.7842,-80.8713,29161
Suisun City,CA,38.2473,-122.0091,29205
Clarksburg,MD,39.2246,-77.2659,29246
Harrison,NY,41.0236,-73.7193,29279
Jacksonville,AR,34.8807,-92.1304,29285
Kirkwood,MO,38.5788,-90.4203,29302
Fountain,CO,38.6886,-104.6829,29327
Englewood,NJ,40.8917,-73.9736,29342
Texarkana,AR,33.436,-93.9959,29343
Fleming Island,FL,30.0988,-81.7124,29351
Vero Beach South,FL,27.6132,-80.4163,29365
Garfield Heights,OH,41.4199,-81.6038,29369
Oak Park,MI,42.4649,-83.1824,29370
Bixby,OK,35.9454,-95.8776,29402
Eastern Goleta Valley,CA,34.4448,-119.7879,29411
San Lorenzo,CA,37.6733,-122.1332,29453
Casselberry,FL,28.6624,-81.3217,29473
Melrose,MA,42.4556,-71.059,29488
Magna,UT,40.7634,-112.1599,29488
Burton,MI,42.9974,-83.6175,29529
Southgate,MI,42.2047,-83.2057,29551
Anderson,SC,34.5211,-82.6478,29563
Raytown,MO,38.9944,-94.4641,29593
Laurel,MD,39.0949,-76.8622,29594
Central,LA,30.5593,-91.0369,29603
Schererville,IN,41.4861,-87.4442,29627
Hobart,IN,41.514,-87.2729,29646
Galesburg,IL,40.9506,-90.3763,29653
Orchards,WA,45.689,-122.5306,29716
Atascadero,CA,35.4827,-120.6858,29735
Rahway,NJ,40.6077,-74.2807,29748
Monterey,CA,36.5919,-121.8808,29772
San Carlos,CA,37.4982,-122.2677,29797
Gloucester,MA,42.626,-70.6897,29862
Crofton,MD,39.0144,-76.68,29878
Hazleton,PA,40.9505,-75.9725,29886
Algonquin,IL,42.1629,-88.3159,29904
Winter Park,FL,28.5989,-81.3442,29929
Greenville,TX,33.1116,-96.1099,29936
Paragould,AR,36.0555,-90.5149,29940
Fridley,MN,45.0841,-93.2595,29944
Matthews,NC,35.1195,-80.7101,29959
Drexel Hill,PA,39.9495,-75.3038,30015
Bowling Green,OH,41.3776,-83.6495,30051
McDonough,GA,33.4397,-84.1505,30056
Ruskin,FL,27.7065,-82.4209,30074
Summerlin South,NV,36.1242,-115.3324,30075
Austintown,OH,41.0932,-80.7405,30215
Middletown,NY,41.4459,-74.4236,30227
Highland Park,IL,42.1823,-87.8104,30229
Niles,IL,42.0278,-87.8099,30262
Granger,IN,41.7374,-86.1348,30279
Newark,DE,39.6776,-75.7576,30309
Brownsburg,IN,39.8337,-86.383,30310
Saratoga,CA,37.2684,-122.0263,30335
North Tonawanda,NY,43.0457,-78.8659,30338
Chamblee,GA,33.8842,-84.3007,30369
Parkville,MD,39.3832,-76.5519,30423
Redan,GA,33.7394,-84.1644,30426
Liberty,MO,39.2394,-94.4191,30446
Princeton,NJ,40.3562,-74.6693,30451
Ferry Pass,FL,30.5205,-87.1899,30467
Morrisville,NC,35.8368,-78.8348,30471
Gurnee,IL,42.3708,-87.9392,30486
Burlingame,CA,37.5859,-122.3667,30526
Franklin Square,NY,40.7002,-73.6775,30559
Lawrenceville,GA,33.9523,-83.9932,30626
Eldersburg,MD,39.4041,-76.9528,30626
West Falls Church,VA,38.8648,-77.1878,30660
Banning,CA,33.946,-116.8992,30680
Washington,UT,37.1303,-113.4878,30686
Miami Lakes,FL,25.9125,-80.3214,30731
Los Altos,CA,37.3684,-122.0965,30736
Oakleaf Plantation,FL,30.1689,-81.8337,30737
Westfield,NJ,40.6516,-74.3432,30760
North Chicago,IL,42.3172,-87.8595,30772
La Verne,CA,34.1207,-117.7703,30804
Sanford,NC,35.4875,-79.177,30833
Ballwin,MO,38.595,-90.55,30835
Springfield,VA,38.781,-77.1839,30894
Laguna Hills,CA,33.5918,-117.6991,30921
Bella Vista,AR,36.4667,-94.2707,30935
Northport,AL,33.2586,-87.5993,30991
Hopkinsville,KY,36.8381,-87.4775,31011
North Royalton,OH,41.3138,-81.745,31013
Southlake,TX,32.9545,-97.1503,31044
Alamogordo,NM,32.8837,-105.9625,31063
Lawndale,CA,33.8884,-118.3531,31113
SeaTac,WA,47.4444,-122.2986,31143
Haines City,FL,28.1102,-81.6157,31156
Port Chester,NY,41.0051,-73.668,31162
Santa Paula,CA,34.3545,-119.0656,31202
New Smyrna Beach,FL,29.0249,-80.9652,31212
Holladay,UT,40.66,-111.8226,31236
Sterling,VA,39.0052,-77.405,31251
Bay Shore,NY,40.7288,-73.2495,31275
Orcutt,CA,34.8691,-120.4222,31284
Bluffton,SC,32.2135,-80.9316,31323
Zionsville,IN,39.9897,-86.3182,31442
LaGrange,GA,33.0274,-85.0384,31479
Eagle,ID,43.7223,-116.3866,31490
Centereach,NY,40.8681,-73.0821,31501
Shawnee,OK,35.3531,-96.9647,31511
Lakeside,FL,30.1356,-81.7674,31548
New Bern,NC,35.0955,-77.0723,31563
Fitchburg,WI,42.9859,-89.4255,31566
Bel Air North,MD,39.5543,-76.3732,31599
Middle River,MD,39.3436,-76.4253,31616
Nicholasville,KY,37.8906,-84.5668,31625
Mundelein,IL,42.2693,-88.0102,31632
Naugatuck,CT,41.489,-73.0518,31634
Bangor,ME,44.8323,-68.7906,31663
Bethany,OR,45.5614,-122.837,31700
West Bend,WI,43.4173,-88.1818,31722
Lake Magdalene,FL,28.0875,-82.4791,31733
Dania Beach,FL,26.0593,-80.1637,31739
San Pablo,CA,37.9629,-122.3426,31771
Seguin,TX,29.5891,-97.9676,31789
Ithaca,NY,42.4442,-76.5032,31792
Rome,NY,43.226,-75.4909,31795
Sun City Center,FL,27.715,-82.3569,31801
Pekin,IL,40.5678,-89.6251,31812
Carlsbad,NM,32.401,-104.2388,31813
Laramie,WY,41.3099,-105.6085,31848
Marrero,LA,29.8871,-90.1126,31866
Oceanside,NY,40.6328,-73.6364,31907
Erie,CO,40.0404,-105.0399,31927
Milford Mill,MD,39.3444,-76.7668,31939
Pullman,WA,46.7336,-117.168,31939
Opelika,AL,32.6612,-85.3769,31944
Beverly Hills,CA,34.0786,-118.4021,31955
Duluth,GA,34.0053,-84.1492,31958
Juneau,AK,58.4546,-134.1739,31969
West Odessa,TX,31.8389,-102.5003,31985
Cornelius,NC,35.4724,-80.8813,32009
Atwater,CA,37.3529,-120.5959,32013
Fair Oaks,CA,38.6504,-121.2496,32030
North Olmsted,OH,41.4149,-81.919,32031
Oak Ridge,TN,35.9639,-84.2938,32088
Nacogdoches,TX,31.6134,-94.6528,32104
Elk Grove Village,IL,42.0064,-87.9921,32132
O'Fallon,IL,38.5974,-89.9148,32139
Wheat Ridge,CO,39.7728,-105.1028,32158
Massillon,OH,40.7838,-81.5254,32177
Long Branch,NJ,40.2965,-73.9915,32184
Hutto,TX,30.5396,-97.544,32188
Maryville,TN,35.7468,-83.9789,32196
Spring Valley,CA,32.7317,-116.9766,32215
Buenaventura Lakes,FL,28.3349,-81.3539,32310
Florence,KY,38.9899,-84.6471,32334
Aiken,SC,33.5303,-81.7271,32334
Fallbrook,CA,33.3693,-117.2259,32467
Garfield,NJ,40.8791,-74.1085,32502
Garner,NC,35.6936,-78.6181,32543
Des Moines,WA,47.3914,-122.3156,32545
Goleta,CA,34.4361,-119.8594,32693
Lathrop,CA,37.809,-121.3131,32696
Savage,MN,44.7545,-93.3632,32706
Pasadena,MD,39.1552,-76.5537,32717
St. Charles,IL,41.9193,-88.3109,32733
Los Gatos,CA,37.2304,-121.9562,32773
Menlo Park,CA,37.4685,-122.1673,32775
Desert Hot Springs,CA,33.955,-116.5429,32786
Brooklyn Center,MN,45.0681,-93.3162,32811
Andover,MN,45.2571,-93.3265,32825
Bell,CA,33.9801,-118.1798,32830
Kaysville,UT,41.029,-111.9456,32861
Glendale Heights,IL,41.9196,-88.0785,32864
Rochester,NH,43.299,-70.9787,32866
Dana Point,CA,33.4733,-117.6967,32883
Clearfield,UT,41.103,-112.0238,32895
Sherwood,AR,34.8507,-92.2029,32915
Canyon Lake,TX,29.8761,-98.2611,32924
Foster City,CA,37.5553,-122.2659,32964
Cleburne,TX,32.3568,-97.4151,32966
Cottonwood Heights,UT,40.6137,-111.8144,32984
Spring Valley,NY,41.1151,-74.0486,32995
Martinez,GA,33.5209,-82.0985,33019
East Lake,FL,28.1206,-82.6868,33019
Bethel Park,PA,40.3238,-80.0364,33070
Helena,MT,46.5965,-112.0202,33126
West Little River,FL,25.8571,-80.2367,33147
Chester,PA,39.8456,-75.3718,33209
Gillette,WY,44.2752,-105.4982,33278
Huntington Station,NY,40.8446,-73.405,33283
Petersburg,VA,37.2043,-77.3913,33365
Ken Caryl,CO,39.577,-105.1144,33407
Goldsboro,NC,35.3778,-77.9717,33448
Baldwin,NY,40.6511,-73.6075,33595
Harker Heights,TX,31.0572,-97.6446,33595
Gadsden,AL,34.0086,-86.0157,33617
Kennesaw,GA,34.026,-84.6177,33627
Alabaster,AL,33.2198,-86.8225,33633
Uniondale,NY,40.7176,-73.5947,33637
Statesboro,GA,32.4375,-81.7751,33705
Walla Walla,WA,46.0671,-118.3368,33766
Englewood,CO,39.6468,-104.9942,33774
Deer Park,TX,29.6898,-95.1151,33823
Cibolo,TX,29.5634,-98.2115,33829
Leawood,KS,38.9075,-94.6258,33844
Kingman,AZ,35.217,-114.0105,33850
Woodridge,IL,41.737,-88.0409,33889
Weatherford,TX,32.7536,-97.7723,33924
Eastpointe,MI,42.4657,-82.9461,34003
Syracuse,UT,41.0859,-112.0698,34009
Kearney,NE,40.7011,-99.0833,34024
Westlake,OH,41.4524,-81.9294,34036
Crown Point,IN,41.4143,-87.3457,34042
San Dimas,CA,34.1082,-117.809,34099
New City,NY,41.1542,-73.9912,34133
Lufkin,TX,31.3217,-94.7277,34158
Dakota Ridge,CO,39.6192,-105.1344,34159
Montgomery Village,MD,39.1788,-77.1954,34161
Cooper City,FL,26.0463,-80.2862,34166
South Riding,VA,38.912,-77.5132,34200
Pikesville,MD,39.3893,-76.702,34253
Westmont,CA,33.9417,-118.3018,34291
Stow,OH,41.1765,-81.4344,34317
Spanaway,WA,47.0979,-122.4233,34322
Pleasant Hill,CA,37.9539,-122.0759,34335
Goshen,IN,41.5743,-85.8309,34374
Valparaiso,IN,41.4783,-87.0506,34377
College Park,MD,38.996,-76.9337,34397
Meridian,MS,32.3846,-88.6896,34466
Lewiston,ID,46.3934,-116.9933,34471
McMinnville,OR,45.211,-123.1918,34493
Fairborn,OH,39.801,-84.0094,34506
Manitowoc,WI,44.0991,-87.6812,34553
Prosper,TX,33.2394,-96.8087,34567
Manhattan Beach,CA,33.8894,-118.3967,34584
Canton,GA,34.2467,-84.4897,34587
Del Rio,TX,29.3708,-100.8801,34638
Northbrook,IL,42.1292,-87.8352,34642
University City,MO,38.6657,-90.3315,34655
Merritt Island,FL,28.3139,-80.6708,34718
Long Beach,NY,40.5887,-73.666,34741
University Place,WA,47.2147,-122.5461,34850
Butte,MT,45.902,-112.6571,34929
Oildale,CA,35.4293,-119.0306,34971
Timberwood Park,TX,29.6995,-98.4838,34980
Pueblo West,CO,38.3465,-104.7246,34992
San Juan Capistrano,CA,33.5008,-117.6544,34998
Prairieville,LA,30.3151,-90.9571,35010
Sahuarita,AZ,31.9323,-110.9654,35012
Golden Glades,FL,25.9129,-80.2013,35042
West Hollywood,CA,34.0883,-118.3719,35090
Graham,WA,47.0322,-122.2827,35090
Mason,OH,39.3571,-84.3023,35148
Fair Lawn,NJ,40.9359,-74.1177,35153
Redmond,OR,44.2612,-121.181,35161
Chillum,MD,38.9666,-76.9791,35163
Oakville,MO,38.4479,-90.3199,35166
Wildwood,MO,38.58,-90.6698,35168
Orangevale,CA,38.6881,-121.2209,35219
Calumet City,IL,41.6134,-87.5505,35253
Watertown Town,MA,42.37,-71.1774,35270
Hinesville,GA,31.8248,-81.6137,35282
Brunswick,OH,41.2465,-81.8198,35284
American Fork,UT,40.3783,-111.7953,35312
Gahanna,OH,40.0251,-82.8637,35438
Oswego,IL,41.6834,-88.3372,35463
Addison,IL,41.9313,-88.0085,35470
Fair Oaks,VA,38.8653,-77.3586,35472
Springville,UT,40.1638,-111.6205,35474
Stockbridge,GA,33.5254,-84.2295,35475
Torrington,CT,41.8349,-73.1282,35481
Kendall West,FL,25.7065,-80.4388,35492
Richmond,KY,37.7307,-84.2925,35498
Cookeville,TN,36.1482,-85.5109,35544
Richmond,IN,39.8318,-84.8905,35551
Monroe,NC,35.0063,-80.5596,35596
Fruit Cove,FL,30.0972,-81.6175,35609
Owings Mills,MD,39.4115,-76.7913,35626
Carrollwood,FL,28.0577,-82.5148,35645
San Juan,TX,26.1903,-98.152,35674
Egypt Lake-Leto,FL,28.0177,-82.5062,35709
Salisbury,NC,35.6658,-80.4905,35730
Midvale,UT,40.6148,-111.8927,35736
Temple City,CA,34.1022,-118.0579,35749
Franklin,WI,42.8854,-88.0104,35751
Marion,OH,40.5973,-83.1227,35771
Inver Grove Heights,MN,44.8247,-93.0596,35772
Norristown,PA,40.1225,-75.3398,35782
Plainfield,IN,39.6954,-86.3716,35783
Parkland,FL,26.3219,-80.2533,35799
East Meadow,NY,40.7197,-73.5604,35806
El Mirage,AZ,33.5905,-112.3271,35823
Roseville,MN,45.0155,-93.1545,35905
Windsor,CO,40.469,-104.9198,35918
Lauderdale Lakes,FL,26.1682,-80.2017,35924
Kaneohe,HI,21.4062,-157.7904,35945
Benton,AR,34.5776,-92.5713,35954
Moorpark,CA,34.2861,-118.8768,35957
Randallstown,MD,39.3723,-76.8024,35975
Richmond West,FL,25.6105,-80.4297,35988
San Luis,AZ,32.4911,-114.7089,35998
Olney,MD,39.1465,-77.0715,36000
North Ridgeville,OH,41.3852,-82.0195,36043
Dunedin,FL,28.0329,-82.7862,36060
La Porte,TX,29.6689,-95.0484,36077
Socorro,TX,31.6383,-106.2601,36237
Farmers Branch,TX,32.9272,-96.8804,36254
Douglasville,GA,33.7384,-84.7054,36284
Woodstock,GA,34.1026,-84.5091,36297
Upper Arlington,OH,40.0272,-83.0704,36319
Merrillville,IN,41.4728,-87.3196,36343
Commack,NY,40.8435,-73.2833,36353
Elmont,NY,40.7033,-73.7078,36436
Sun Prairie,WI,43.1825,-89.2362,36455
Oak Creek,WI,42.8803,-87.9009,36473
Claremont,CA,34.1259,-117.7153,36553
Beloit,WI,42.523,-89.0184,36554
Hilliard,OH,40.0353,-83.1578,36560
Kiryas Joel,NY,41.3411,-74.1667,36572
South Valley,NM,35.0093,-106.6819,36605
La Presa,CA,32.711,-117.0027,36669
Richfield,MN,44.8763,-93.2829,36725
Rock Island,IL,41.4699,-90.5827,36758
Oakton,VA,38.8887,-77.3016,36776
Muskogee,OK,35.7432,-95.3567,36819
Hanover Park,IL,41.9818,-88.1446,36850
Martinez,CA,37.9985,-122.1161,36926
Wildomar,CA,33.6173,-117.2582,36953
Tucker,GA,33.8436,-84.2024,37022
Kearns,UT,40.6519,-112.0095,37058
Copperas Cove,TX,31.1192,-97.914,37149
Leavenworth,KS,39.3239,-94.924,37176
Cedar City,UT,37.6834,-113.0956,37202
Midlothian,TX,32.4669,-96.989,37256
Estero,FL,26.4276,-81.7951,37258
Tooele,UT,40.5393,-112.3082,37265
Mission Bend,TX,29.6948,-95.6658,37280
Foothill Farms,CA,38.6867,-121.3475,37332
Greenfield,WI,42.9619,-88.0052,37361
La Puente,CA,34.0323,-117.9533,37404
Oregon City,OR,45.3418,-122.5924,37482
South Miami Heights,FL,25.5886,-80.3862,37525
Pacifica,CA,37.6113,-122.4782,37527
Pleasant Grove,UT,40.3716,-111.7412,37544
Carpentersville,IL,42.1227,-88.2896,37544
Monrovia,CA,34.165,-117.9921,37553
Bartlesville,OK,36.7365,-95.9456,37559
New Albany,IN,38.309,-85.8234,37589
Evans,GA,33.5619,-82.1351,37718
Fuquay-Varina,NC,35.5953,-78.7778,37749
Central Islip,NY,40.7836,-73.1945,37751
Rome,GA,34.2662,-85.1863,37754
Winchester,NV,36.1365,-115.137,37774
Hilton Head Island,SC,32.1896,-80.7499,37805
Montclair,CA,34.0715,-117.6981,37809
Tupelo,MS,34.2692,-88.7318,37825
Lewiston,ME,44.0915,-70.1681,37886
Holyoke,MA,42.2125,-72.6411,37949
Portage,IN,41.5856,-87.1797,37951
Northglenn,CO,39.9108,-104.9783,37953
Adelanto,CA,34.5814,-117.4397,38010
Sun City,AZ,33.6165,-112.2819,38018
Hot Springs,AR,34.4892,-93.0501,38023
Riviera Beach,FL,26.7813,-80.0741,38032
Clovis,NM,34.4376,-103.1923,38153
Georgetown,KY,38.2247,-84.5487,38206
East Point,GA,33.6696,-84.4701,38233
La Quinta,CA,33.6536,-116.2785,38299
Mechanicsville,VA,37.6263,-77.3561,38437
Urbana,IL,40.1107,-88.1973,38447
Winter Springs,FL,28.6889,-81.2703,38448
Calexico,CA,32.6849,-115.4944,38476
Phenix City,AL,32.4585,-85.0253,38477
Atlantic City,NJ,39.3797,-74.4527,38486
Wheeling,IL,42.1308,-87.924,38495
Westerville,OH,40.1241,-82.921,38543
Stanton,CA,33.8003,-117.9935,38639
Security-Widefield,CO,38.7489,-104.7142,38659
Bell Gardens,CA,33.9663,-118.155,38661
Vestavia Hills,AL,33.4518,-86.7437,38704
Clinton,MD,38.7499,-76.9063,38756
San Gabriel,CA,34.0949,-118.099,38764
Valrico,FL,27.9193,-82.2293,38820
Prattville,AL,32.4597,-86.4573,38850
La Vergne,TN,36.02,-86.5586,38944
Menomonee Falls,WI,43.1487,-88.1227,38963
Peachtree City,GA,33.3942,-84.571,38977
Navarre,FL,30.4174,-86.8907,38988
Keizer,OR,45.0028,-123.0243,39013
Owasso,OK,36.2878,-95.8311,39013
Roy,UT,41.1714,-112.0485,39021
Streamwood,IL,42.0209,-88.1779,39055
Warren,OH,41.239,-80.8174,39057
Royal Palm Beach,FL,26.7038,-80.2241,39089
Parkland,WA,47.1417,-122.4376,39174
Grants Pass,OR,42.4333,-123.3317,39183
Quincy,IL,39.9336,-91.3799,39188
Greer,SC,34.933,-82.2313,39191
Park Ridge,IL,42.0125,-87.8436,39241
Bettendorf,IA,41.5657,-90.4765,39297
West Fargo,ND,46.8573,-96.9057,39325
Aventura,FL,25.9566,-80.1371,39372
Carol Stream,IL,41.9181,-88.1307,39427
Lakewood Ranch,FL,27.4185,-82.3948,39434
Chelsea,MA,42.3959,-71.0325,39460
Rosenberg,TX,29.5456,-95.8223,39467
Issaquah,WA,47.5439,-122.0471,39472
Severna Park,MD,39.087,-76.5687,39499
Lake Stevens,WA,48.0024,-122.0953,39500
Lincoln Park,MI,42.2432,-83.1811,39511
Rexburg,ID,43.8226,-111.7919,39589
Apache Junction,AZ,33.3985,-111.535,39746
Fort Lee,NJ,40.8509,-73.9713,39818
DeLand,FL,29.0225,-81.2875,39832
Hutchinson,KS,38.0671,-97.9081,39837
Waipahu,HI,21.3859,-158.0101,39871
Duncanville,TX,32.646,-96.9127,39879
Hobbs,NM,32.7281,-103.16,39887
Hurst,TX,32.8353,-97.1809,39912
Oviedo,FL,28.658,-81.1872,39990
Culver City,CA,34.0058,-118.3968,39993
Plant City,FL,28.014,-82.1201,40009
Cape Girardeau,MO,37.3109,-89.5597,40047
Cottage Grove,MN,44.8161,-92.9274,40124
The Acreage,FL,26.774,-80.2779,40188
Valley Stream,NY,40.6647,-73.7043,40278
Findlay,OH,41.0469,-83.6379,40280
Lake Oswego,OR,45.4129,-122.7004,40367
New Berlin,WI,42.9726,-88.1291,40384
Pine Bluff,AR,34.2116,-92.0173,40436
Crystal Lake,IL,42.2333,-88.3351,40436
DeKalb,IL,41.9314,-88.7481,40464
Woodlawn,MD,39.3054,-76.7489,40476
Bartlett,IL,41.9804,-88.2071,40531
Kearny,NJ,40.7528,-74.1202,40570
Cedar Falls,IA,42.5195,-92.4536,40662
Essex,MD,39.3021,-76.4449,40670
Westfield,MA,42.1382,-72.7561,40673
Meadow Woods,FL,28.3698,-81.3467,40741
Annapolis,MD,38.9706,-76.5047,40744
Lancaster,TX,32.5922,-96.7739,40753
Germantown,TN,35.0829,-89.7824,40812
Friendswood,TX,29.511,-95.1981,40827
Mount Juliet,TN,36.199,-86.5115,40828
Lancaster,OH,39.7248,-82.6049,40902
Covington,KY,39.0334,-84.5166,40902
Lynnwood,WA,47.8284,-122.3033,40953
Maplewood,MN,44.9842,-93.0247,40981
Romeoville,IL,41.6318,-88.0997,40996
Reynoldsburg,OH,39.9588,-82.7943,41032
Indian Trail,NC,35.0699,-80.6452,41146
Brighton,CO,39.9716,-104.7963,41196
Woburn,MA,42.4869,-71.1543,41205
Hallandale Beach,FL,25.9854,-80.1423,41224
Rancho Palos Verdes,CA,33.7554,-118.3634,41259
Milton,GA,34.1353,-84.3139,41305
Marlborough,MA,42.3494,-71.5468,41398
Shelton,CT,41.306,-73.1383,41402
Weslaco,TX,26.1599,-97.9877,41437
Princeton,FL,25.5396,-80.3971,41476
Coram,NY,40.8812,-73.0059,41527
Brookfield,WI,43.064,-88.1231,41592
Fitchburg,MA,42.5912,-71.8156,41633
Marion,IA,42.0451,-91.585,41690
Post Falls,ID,47.7213,-116.9384,41716
Belleville,IL,38.5164,-89.99,41722
Grove City,OH,39.8654,-83.069,41831
Land O' Lakes,FL,28.2075,-82.4476,41845
Altadena,CA,34.1927,-118.1346,41921
Lebanon,TN,36.204,-86.3481,41951
Annandale,VA,38.8324,-77.196,41982
Coppell,TX,32.9639,-96.9903,42029
Linton Hall,VA,38.7551,-77.575,42077
Peachtree Corners,GA,33.967,-84.232,42184
Bullhead City,AZ,35.1205,-114.5461,42193
Moline,IL,41.4821,-90.492,42235
Danville,VA,36.5831,-79.4088,42239
Mableton,GA,33.8133,-84.5655,42403
Beverly,MA,42.5681,-70.8627,42408
Midland,MI,43.6241,-84.2319,42461
French Valley,CA,33.5999,-117.1069,42550
Jefferson City,MO,38.5676,-92.1759,42565
Coachella,CA,33.6905,-116.143,42594
San Bruno,CA,37.6256,-122.4313,42612
Puyallup,WA,47.1793,-122.2902,42642
Vineyard,CA,38.474,-121.324,42645
Manassas,VA,38.7479,-77.4838,42674
Catonsville,MD,39.2646,-76.7424,42717
Edmonds,WA,47.8115,-122.3533,42783
Buffalo Grove,IL,42.1675,-87.9615,42824
Campbell,CA,37.2802,-121.9539,42848
Hollister,CA,36.8555,-121.3986,43003
Woonsocket,RI,42.001,-71.4993,43074
North Miami Beach,FL,25.9302,-80.1659,43104
Schertz,TX,29.565,-98.2535,43128
Delaware,OH,40.2851,-83.0741,43168
West Babylon,NY,40.7129,-73.3585,43239
Huber Heights,OH,39.8595,-84.113,43266
Burke,VA,38.7773,-77.2633,43336
Danville,CA,37.8121,-121.9698,43426
Holly Springs,NC,35.6526,-78.8399,43429
Woodbridge,VA,38.6409,-77.258,43443
Newnan,GA,33.3767,-84.7761,43510
Ormond Beach,FL,29.2985,-81.1014,43514
Channelview,TX,29.7914,-95.1144,43536
Pittsfield,MA,42.4517,-73.2605,43559
Waxahachie,TX,32.4035,-96.8446,43591
Linden,NJ,40.6251,-74.2383,43614
Spanish Fork,UT,40.1101,-111.6405,43632
Lombard,IL,41.8741,-88.0157,43722
Trujillo Alto,PR,18.3599,-66.0096,43752
Lompoc,CA,34.6618,-120.4714,43819
Hicksville,NY,40.7637,-73.5245,43868
Greenacres,FL,26.627,-80.1371,43871
Columbia,TN,35.6238,-87.0484,43971
Oakland Park,FL,26.178,-80.1528,44015
Saratoga Springs,UT,40.345,-111.9154,44070
Freeport,NY,40.6515,-73.585,44102
El Centro,CA,32.7865,-115.5595,44186
North Fort Myers,FL,26.7244,-81.8485,44189
Wilkes-Barre,PA,41.2469,-75.876,44217
Concord,NH,43.2305,-71.5595,44219
Salem,MA,42.5129,-70.9021,44241
Oakley,CA,37.9929,-121.6952,44311
Rohnert Park,CA,38.3479,-122.6965,44461
Cutler Bay,FL,25.5765,-80.3356,44483
Fond du Lac,WI,43.7718,-88.4397,44491
Sicklerville,NJ,39.7452,-74.9934,44500
Fairfield,OH,39.3301,-84.5409,44597
North Lauderdale,FL,26.2113,-80.2209,44650
Cleveland Heights,OH,41.5113,-81.5636,44694
Moorhead,MN,46.8673,-96.7461,44706
West Lafayette,IN,40.4432,-86.9238,44802
Mankato,MN,44.1715,-93.9772,44882
The Colony,TX,33.0925,-96.8976,44916
Riverton,UT,40.5176,-111.9636,44944
Clermont,FL,28.5325,-81.7208,44984
Palm Springs,CA,33.8017,-116.5382,44998
Shakopee,MN,44.7745,-93.4772,45002
Lake Ridge,VA,38.6847,-77.3066,45007
Pearl City,HI,21.4031,-157.9566,45079
Littleton,CO,39.5915,-105.0188,45092
Bountiful,UT,40.8721,-111.8647,45093
Morgan Hill,CA,37.1325,-121.6419,45152
Sierra Vista,AZ,31.563,-110.3153,45203
Sayreville,NJ,40.4656,-74.3237,45237
Brentwood,TN,35.9918,-86.7758,45272
East Lansing,MI,42.748,-84.4836,45394
Elmhurst,IL,41.8973,-87.9432,45538
Ashburn,VA,39.0277,-77.4714,45551
Odenton,MD,39.0661,-76.6938,45585
Keller,TX,32.9335,-97.2256,45598
Altamonte Springs,FL,28.6615,-81.3953,45657
Haltom City,TX,32.8176,-97.2707,45681
Plainfield,IL,41.6207,-88.2253,45705
Wentzville,MO,38.8153,-90.8669,45734
Hackensack,NJ,40.8891,-74.0462,45768
Pahrump,NV,36.2235,-115.9974,45811
Strongsville,OH,41.3128,-81.8313,46022
Urbandale,IA,41.639,-93.7812,46026
Potomac,MD,39.0141,-77.1943,46230
Whitney,NV,36.1008,-115.0379,46268
Farmington,NM,36.7555,-108.1823,46339
Salina,KS,38.8136,-97.6143,46432
Attleboro,MA,41.9311,-71.295,46499
Olive Branch,MS,34.961,-89.8469,46538
Gallatin,TN,36.3782,-86.4698,46667
Prescott,AZ,34.5849,-112.4473,46744
Los Banos,CA,37.063,-120.8406,46776
Rowland Heights,CA,33.9716,-117.8912,46787
Beavercreek,OH,39.731,-84.0624,46787
Huntsville,TX,30.7009,-95.5567,46917
La Mirada,CA,33.9025,-118.0093,46945
Goose Creek,SC,32.9927,-80.0055,46964
East Providence,RI,41.8065,-71.3565,46970
Newark,CA,37.5201,-122.0307,47145
Winter Garden,FL,28.5421,-81.5967,47182
Mentor,OH,41.6893,-81.3362,47215
Roseville,MI,42.5074,-82.9369,47240
Rancho Santa Margarita,CA,33.6318,-117.5988,47257
Brea,CA,33.9254,-117.8655,47337
Oro Valley,AZ,32.4208,-110.9767,47595
Middletown,CT,41.5476,-72.6549,47646
Glenview,IL,42.0825,-87.8214,47682
Wauwatosa,WI,43.0616,-88.0347,47718
Wilson,NC,35.7311,-77.9284,47740
Roswell,NM,33.373,-104.5294,47823
Ocoee,FL,28.5796,-81.5332,47885
North Highlands,CA,38.6713,-121.3721,47900
Minot,ND,48.2375,-101.278,47922
San Luis Obispo,CA,35.2669,-120.669,48039
Fort Pierce,FL,27.4255,-80.3431,48094
Niagara Falls,NY,43.0921,-79.0147,48198
Hilo,HI,19.6883,-155.0863,48223
Cerritos,CA,33.8678,-118.0686,48340
Poway,CA,32.9871,-117.0201,48515
Cedar Hill,TX,32.581,-96.9591,48547
Bothell,WA,47.7735,-122.2044,48610
Tuckahoe,VA,37.5878,-77.5858,48610
Leesburg,VA,39.1057,-77.5544,48788
Stillwater,OK,36.1317,-97.0742,48818
University,FL,28.0771,-82.4335,48868
Ceres,CA,37.5952,-120.962,48918
Euclid,OH,41.5903,-81.5188,48991
Titusville,FL,28.5727,-80.8193,49004
Biloxi,MS,30.4426,-88.9514,49011
Portage,MI,42.2,-85.5906,49015
Dublin,OH,40.1112,-83.1454,49031
Antelope,CA,38.7153,-121.361,49080
Bedford,TX,32.8464,-97.135,49191
Everett,MA,42.4064,-71.0545,49236
Coral Gables,FL,25.7037,-80.2715,49243
Lawrence,IN,39.8674,-85.9904,49284
Azusa,CA,34.1386,-117.9124,49318
North Bethesda,MD,39.0393,-77.1191,49498
Eagle Mountain,UT,40.3137,-112.0114,49514
Cypress,CA,33.8171,-118.0386,49531
Florin,CA,38.4832,-121.4043,49536
St. Louis Park,MN,44.9488,-93.3649,49541
Chesterfield,MO,38.6589,-90.5803,49591
Rockwall,TX,32.9169,-96.4374,49605
Downers Grove,IL,41.7949,-88.0172,49867
Murray,UT,40.6498,-111.8874,49904
Covina,CA,34.0903,-117.8818,50143
Draper,UT,40.4957,-111.8605,50159
Jeffersonville,IN,38.3376,-85.7026,50176
Lakewood,OH,41.4822,-81.8008,50229
McLean,VA,38.9436,-77.1943,50232
Rosemead,CA,34.0689,-118.0823,50340
El Dorado Hills,CA,38.675,-121.049,50553
Milford city ,CT,41.2255,-73.0625,50749
Enid,OK,36.4063,-97.87,50821
Delano,CA,35.7662,-119.2635,50835
Cuyahoga Falls,OH,41.1641,-81.5207,50864
Grapevine,TX,32.9343,-97.0742,50875
Mishawaka,IN,41.6742,-86.1666,50907
Levittown,PA,40.1533,-74.8531,50930
East Honolulu,HI,21.2975,-157.7211,50961
Burleson,TX,32.517,-97.3344,50981
Country Club,FL,25.9407,-80.3102,51000
Troy,NY,42.7354,-73.6751,51054
Columbus,IN,39.2093,-85.9183,51104
Westfield,IN,40.0341,-86.1529,51109
Hoffman Estates,IL,42.064,-88.1468,51186
Wake Forest,NC,35.9632,-78.514,51199
Tamiami,FL,25.7556,-80.4016,51201
Collierville,TN,35.047,-89.6987,51212
Summerville,SC,33.0016,-80.1799,51262
Aliso Viejo,CA,33.5792,-117.7289,51320
Burien,WA,47.4762,-122.3394,51331
Glendora,CA,34.1449,-117.8467,51350
Little Elm,TX,33.1858,-96.9295,51426
Mooresville,NC,35.5847,-80.8266,51447
Palm Desert,CA,33.7378,-116.3695,51551
Levittown,NY,40.7241,-73.5125,51557
Dunwoody,GA,33.9418,-84.3122,51563
Lincoln,CA,38.8774,-121.2937,51629
West New York,NJ,40.7857,-74.0094,51683
Catalina Foothills,AZ,32.3046,-110.8838,51756
Florissant,MO,38.7996,-90.3269,51915
Cathedral City,CA,33.8362,-116.4642,52047
Kendale Lakes,FL,25.7081,-80.4078,52141
Wheaton,MD,39.0492,-77.0573,52172
Placentia,CA,33.8807,-117.8553,52384
Kyle,TX,29.9932,-97.8852,52439
Paramount,CA,33.8977,-118.1651,52546
Novato,CA,38.092,-122.5575,52689
Grand Island,NE,40.9218,-98.3586,52761
Elyria,OH,41.376,-82.106,52833
Normal,IL,40.5217,-88.9884,52908
Methuen Town,MA,42.734,-71.1889,53043
Westchester,FL,25.7471,-80.3523,53082
Edina,MN,44.8914,-93.3602,53125
Twin Falls,ID,42.5645,-114.4613,53219
Minnetonka,MN,44.9322,-93.4598,53256
Oak Park,IL,41.8872,-87.7899,53315
Aloha,OR,45.492,-122.8725,53362
Pinellas Park,FL,27.8589,-82.7078,53423
Wheaton,IL,41.8561,-88.1085,53453
Huntington Park,CA,33.98,-118.2167,53658
Diamond Bar,CA,33.9992,-117.8161,53750
Aspen Hill,MD,39.0927,-77.0826,53752
Colton,CA,34.0538,-117.3255,53798
Manhattan,KS,39.1886,-96.6048,53951
Kentwood,MI,42.8852,-85.5926,54114
Texas City,TX,29.4154,-94.9682,54159
Rocky Mount,NC,35.9685,-77.804,54175
Peabody,MA,42.5335,-70.9725,54180
Yucaipa,CA,34.0336,-117.0429,54348
Marana,AZ,32.4355,-111.1558,54487
West Sacramento,CA,38.5557,-121.5505,54496
Plainfield,NJ,40.6154,-74.4157,54515
San Jacinto,CA,33.797,-116.9916,54756
Beaumont,CA,33.9076,-116.9766,54817
Hacienda Heights,CA,33.997,-117.9727,54956
Tinley Park,IL,41.567,-87.8049,55007
Smyrna,TN,35.9687,-86.5264,55066
West Haven,CT,41.2739,-72.9672,55147
South Whittier,CA,33.9336,-118.0312,55201
Chicopee,MA,42.1764,-72.5719,55213
Perth Amboy,NJ,40.5202,-74.2724,55278
Tigard,OR,45.4237,-122.7845,55395
Southaven,MS,34.9514,-89.9786,55531
Arcadia,CA,34.1342,-118.0373,55550
Mount Prospect,IL,42.0641,-87.9375,55648
Apple Valley,MN,44.7457,-93.2004,55696
New Brunswick,NJ,40.487,-74.445,55744
Berwyn,IL,41.8433,-87.7909,55888
DeSoto,TX,32.5992,-96.8633,55896
National City,CA,32.6654,-117.0983,55960
Apopka,FL,28.7015,-81.5316,56202
Sarasota,FL,27.3387,-82.5432,56218
Smyrna,GA,33.8633,-84.5168,56285
Bradenton,FL,27.4901,-82.5757,56289
Bentonville,AR,36.3547,-94.2305,56326
Fountain Valley,CA,33.7105,-117.9514,56358
Fountainebleau,FL,25.7723,-80.346,56453
Kannapolis,NC,35.4764,-80.6408,56470
Highland,CA,34.1113,-117.165,56690
Bartlett,TN,35.2337,-89.8195,56998
Lacey,WA,47.0462,-122.7933,57088
Oak Lawn,IL,41.7139,-87.7528,57098
Brookhaven,GA,33.8743,-84.3314,57224
Herriman,UT,40.4899,-112.017,57336
Kettering,OH,39.6956,-84.1494,57442
Coconut Creek,FL,26.2803,-80.1842,57587
Casa Grande,AZ,32.9069,-111.7624,57590
Towson,MD,39.3944,-76.619,57683
Bel Air South,MD,39.5022,-76.3113,57702
Decatur,AL,34.5731,-86.9905,57760
Bowie,MD,38.9549,-76.7406,57771
Royal Oak,MI,42.5084,-83.1539,57880
Orland Park,IL,41.6075,-87.8619,57961
Lenexa,KS,38.9609,-94.8018,57986
Lake Havasu City,AZ,34.5006,-114.3113,58037
Severn,MD,39.1355,-76.6956,58041
Midwest City,OK,35.463,-97.371,58170
St. Peters,MO,38.7825,-90.6061,58200
St. Clair Shores,MI,42.4925,-82.8961,58287
Madison,AL,34.7114,-86.7626,58335
Hoboken,NJ,40.7452,-74.0281,58340
Carson City,NV,39.1511,-119.7476,58364
Margate,FL,26.2466,-80.2119,58418
The Hammocks,FL,25.67,-80.4482,58548
Cupertino,CA,37.3168,-122.0466,58886
Wylie,TX,33.0362,-96.5161,58991
Taylorsville,UT,40.6569,-111.9493,59010
Medford,MA,42.4234,-71.1087,59062
Shoreline,WA,47.7564,-122.3426,59280
Petaluma,CA,38.2423,-122.6266,59321
Kokomo,IN,40.464,-86.1277,59375
Des Plaines,IL,42.0345,-87.9008,59408
Blue Springs,MO,39.0124,-94.2721,59416
North Miami,FL,25.9008,-80.1686,59429
Santee,CA,32.8554,-116.9851,59485
West Allis,WI,43.0068,-88.0296,59588
Monterey Park,CA,34.0497,-118.1326,59639
Taunton,MA,41.9036,-71.0943,59719
Palm Beach Gardens,FL,26.8466,-80.1679,59751
Gardena,CA,33.8943,-118.3072,59765
White Plains,NY,41.022,-73.7547,59818
Chapel Hill,NC,35.9271,-79.0391,59889
Stonecrest,GA,33.6842,-84.1372,59917
Revere,MA,42.4189,-71.004,59933
Parker,CO,39.5084,-104.7753,60115
Euless,TX,32.8508,-97.08,60373
Meriden,CT,41.5369,-72.7946,60418
San Rafael,CA,37.9905,-122.5221,60604
Pico Rivera,CA,33.9901,-118.0888,60821
La Mesa,CA,32.7703,-117.0204,60835
Jupiter,FL,26.92,-80.1128,61097
Bristol,CT,41.6812,-72.9407,61129
Woodland,CA,38.6712,-121.75,61256
Montebello,CA,34.0155,-118.1108,61376
Palm Harbor,FL,28.0847,-82.7481,61454
Wellington,FL,26.6461,-80.2699,61497
Encinitas,CA,33.0492,-117.261,61585
Springfield,OR,44.0538,-122.9811,61642
Florence-Graham,CA,33.9682,-118.2447,61723
Marietta,GA,33.9533,-84.5422,61773
Richland,WA,46.2824,-119.2939,61912
Pontiac,MI,42.6493,-83.2878,61914
St. Cloud,FL,28.2363,-81.2779,61963
Dearborn Heights,MI,42.3164,-83.2769,62099
Horizon West,FL,28.4417,-81.6146,62152
La Habra,CA,33.9282,-117.9515,62233
Sanford,FL,28.7891,-81.2757,62292
Hendersonville,TN,36.3063,-86.5997,62390
Taylor,MI,42.226,-83.2688,62405
Huntersville,NC,35.406,-80.8716,62458
Council Bluffs,IA,41.2369,-95.8516,62564
Bossier City,LA,32.5224,-93.6668,62832
Bay City,MI,43.5902,-83.8887,62979
Lakewood,WA,47.1628,-122.5299,63034
Moore,OK,35.3293,-97.4757,63045
Hamilton,OH,39.3939,-84.5653,63124
Parkersburg,WV,39.2623,-81.542,63236
Eden Prairie,MN,44.8488,-93.4595,63249
Millcreek,UT,40.6892,-111.8292,63342
Coon Rapids,MN,45.1755,-93.3094,63348
Caldwell,ID,43.6453,-116.6594,63465
San Clemente,CA,33.4499,-117.6102,63510
Reston,VA,38.9497,-77.3461,63542
Port Orange,FL,29.1085,-81.0137,63818
Bozeman,MT,45.6833,-111.0558,63917
Laguna Niguel,CA,33.5275,-117.705,64023
Rowlett,TX,32.9155,-96.5489,64139
Greenwood,IN,39.6019,-86.1073,64237
Burnsville,MN,44.7648,-93.2793,64295
Bellevue,NE,41.1485,-95.939,64355
South San Francisco,CA,37.6538,-122.4196,64487
North Little Rock,AR,34.7807,-92.2371,64504
Brentwood,CA,37.9356,-121.719,64609
Commerce City,CO,39.8641,-104.843,64640
Waltham,MA,42.3889,-71.2423,64723
Port Charlotte,FL,26.9918,-82.114,64971
Kenner,LA,30.0109,-90.2549,65113
Sebring,FL,27.477,-81.453,65138
Pflugerville,TX,30.4515,-97.6018,65162
Lynwood,CA,33.924,-118.2016,65291
Dalton,GA,34.769,-84.972,65317
Castro Valley,CA,37.7088,-122.0626,65389
Albany,OR,44.6272,-123.0965,65410
Dundalk,MD,39.2704,-76.4942,65441
Malden,MA,42.4305,-71.0576,65509
Juana Díaz,PR,18.0532,-66.5044,66102
Ames,IA,42.0256,-93.6217,66112
Great Falls,MT,47.5022,-111.2996,66175
Novi,MI,42.4786,-83.4893,66224
Lima,OH,40.741,-84.112,66286
Alpharetta,GA,34.0704,-84.2738,66355
Queen Creek,AZ,33.2454,-111.6173,66369
Sammamish,WA,47.6017,-122.0416,66375
Union City,NJ,40.7675,-74.0323,66375
Morristown,TN,36.2043,-83.3001,66407
Skokie,IL,42.036,-87.74,66427
Victoria,TX,28.8287,-96.9849,66523
Palatine,IL,42.118,-88.043,66548
Mount Vernon,WA,48.4203,-122.3115,66704
Watsonville,CA,36.9206,-121.7708,66842
Delray Beach,FL,26.455,-80.0905,66940
Spring,TX,30.0613,-95.383,67103
Rockville,MD,39.0834,-77.1553,67218
Palo Alto,CA,37.3905,-122.1468,67231
Haverhill,MA,42.7838,-71.0871,67387
Bethesda,MD,38.9866,-77.1188,67403
Yorba Linda,CA,33.889,-117.7714,67407
Apex,NC,35.7237,-78.8743,67765
Corvallis,OR,44.5698,-123.2779,67769
Hammond,LA,30.5061,-90.4563,67874
Leander,TX,30.5728,-97.8618,67880
Kankakee,IL,41.102,-87.8643,67925
Weston,FL,26.1006,-80.4054,67952
Union City,CA,37.6032,-122.0181,68141
Eagan,MN,44.817,-93.1638,68158
South Hill,WA,47.1198,-122.2853,68161
Shawnee,KS,39.0158,-94.8076,68175
Hanford,CA,36.3274,-119.6549,68276
Casper,WY,42.842,-106.3208,68438
Schenectady,NY,42.8025,-73.9275,68521
Dubuque,IA,42.5002,-90.707,68567
Gary,IN,41.5905,-87.3473,68604
Michigan City,IN,41.7092,-86.869,68617
Bristol,TN,36.5572,-82.2154,68737
Grand Forks,ND,47.9214,-97.0884,68853
Sumter,SC,33.9392,-80.393,68914
East Orange,NJ,40.7651,-74.2117,69183
El Paso de Robles,CA,35.6394,-120.656,69218
Gaithersburg,MD,39.1346,-77.2131,69225
Spring Hill,TN,35.7437,-86.9116,69298
Fajardo,PR,18.3331,-65.6589,69381
Maricopa,AZ,33.0408,-112.0011,69554
Porterville,CA,36.0643,-119.0338,69616
Passaic,NJ,40.8574,-74.1282,69651
Walnut Creek,CA,37.9024,-122.0399,69790
Redondo Beach,CA,33.8577,-118.3765,69814
West Des Moines,IA,41.5521,-93.7806,69893
Conway,AR,35.0753,-92.4692,69918
Tulare,CA,36.1995,-119.34,69984
Longview,WA,46.1461,-122.963,70004
Glens Falls,NY,43.3109,-73.6458,70005
Guaynabo,PR,18.3832,-66.1134,70087
Eastvale,CA,33.9617,-117.5803,70179
North Richland Hills,TX,32.8604,-97.218,70338
Bayonne,NJ,40.6668,-74.1158,70468
Maple Grove,MN,45.1089,-93.4626,70539
Dublin,CA,37.7161,-121.8963,70542
Ankeny,IA,41.7288,-93.6031,70542
Cleveland,TN,35.1817,-84.8707,70578
Baldwin Park,CA,34.0829,-117.9722,70720
Casas Adobes,AZ,32.3423,-111.0113,70770
Waukesha,WI,43.0087,-88.2464,70779
Blacksburg,VA,37.23,-80.4279,71014
St. Charles,MO,38.7954,-90.5157,71048
Wilmington,DE,39.7415,-75.5416,71124
Blaine,MN,45.1696,-93.2077,71261
Rogers,AR,36.317,-94.1531,71411
Camden,NJ,39.9361,-75.1073,71471
Lake Elsinore,CA,33.6847,-117.3344,71516
Fairbanks,AK,64.8353,-147.6533,71555
Poinciana,FL,28.1217,-81.4821,71665
Centreville,VA,38.839,-77.4389,71885
Tamarac,FL,26.2056,-80.2539,71887
Noblesville,IN,40.0355,-86.0042,71940
Wesley Chapel,FL,28.2106,-82.3238,71965
Framingham,MA,42.3085,-71.4368,72013
Rocklin,CA,38.8075,-121.2489,72340
Lebanon,PA,40.3412,-76.4228,72475
Dover,NH,43.1887,-70.8845,72476
Lakeville,MN,44.6774,-93.252,72480
Mount Vernon,NY,40.9136,-73.8291,72528
Glen Burnie,MD,39.156,-76.6071,72772
Dale City,VA,38.6473,-77.3459,72793
Caguas,PR,18.2319,-66.0388,72862
Redlands,CA,34.0512,-117.1712,72985
Lodi,CA,38.1218,-121.2932,72996
Altoona,PA,40.5082,-78.4007,73070
Brunswick,GA,31.1449,-81.4746,73159
Sheboygan,WI,43.7403,-87.7316,73268
New Britain,CT,41.6759,-72.7862,73301
Battle Creek,MI,42.2985,-85.2296,73448
Alexandria,LA,31.2923,-92.4702,73457
Ellicott City,MD,39.2774,-76.8345,73737
Bolingbrook,IL,41.6901,-88.1021,73813
Harrisonburg,VA,38.4362,-78.8735,73926
Lauderhill,FL,26.1605,-80.2241,73961
Sherman,TX,33.6273,-96.6221,73984
Dothan,AL,31.2336,-85.407,74002
Jackson,TN,35.6538,-88.8354,74049
Camarillo,CA,34.223,-119.0321,74210
San Marcos,TX,29.8734,-97.9356,74469
Janesville,WI,42.6854,-89.0135,74640
Broomfield,CO,39.9542,-105.0526,75110
Missouri City,TX,29.563,-95.5365,75234
Pawtucket,RI,41.8744,-71.3743,75280
Mansfield,TX,32.569,-97.1213,75398
Apple Valley,CA,34.5352,-117.2109,75478
Saratoga Springs,NY,43.0674,-73.7775,75599
Redmond,WA,47.6763,-122.1169,75721
Oshkosh,WI,44.0227,-88.5619,75850
Pittsburg,CA,38.0182,-121.8965,75868
Daytona Beach,FL,29.1995,-81.0982,75924
Southfield,MI,42.4765,-83.2605,76025
Rochester Hills,MI,42.6645,-83.1563,76086
Arlington Heights,IL,42.0955,-87.9826,76220
Anniston,AL,33.6712,-85.8135,76228
Elizabethtown,KY,37.7031,-85.8773,76363
Pocatello,ID,42.8724,-112.4647,76370
Wausau,WI,44.962,-89.6459,76386
Valdosta,GA,30.8502,-83.2788,76393
St. Joseph,MO,39.7598,-94.821,76484
Doral,FL,25.8152,-80.3565,76490
Evanston,IL,42.0464,-87.6943,76552
Castle Rock,CO,39.3763,-104.8535,76614
Schaumburg,IL,42.0308,-88.0838,76780
Wyoming,MI,42.8908,-85.7066,76865
Alameda,CA,37.7668,-122.267,76876
Woodbury,MN,44.9057,-92.923,76945
Bethlehem,PA,40.6266,-75.3679,77069
Hammond,IN,41.6168,-87.4909,77098
Mansfield,OH,40.7656,-82.5275,77137
Loveland,CO,40.4166,-105.0623,77350
Bellflower,CA,33.888,-118.1271,77396
Cedar Park,TX,30.5105,-97.8197,77474
Pleasanton,CA,37.6663,-121.8805,77500
Alton,IL,38.9037,-90.152,77583
Flagstaff,AZ,35.1872,-111.6194,77868
Flower Mound,TX,33.0343,-97.1146,77886
Chino Hills,CA,33.9508,-117.7254,78024
Carmichael,CA,38.6318,-121.3263,78070
Milpitas,CA,37.4336,-121.8921,78216
Pasco,WA,46.2506,-119.1305,78446
Kendall,FL,25.6697,-80.3556,78527
Texarkana,TX,33.45,-94.0847,78541
Georgetown,TX,30.666,-97.6966,78803
Terre Haute,IN,39.466,-87.3751,78940
Upland,CA,34.1178,-117.6604,78940
Tustin,CA,33.7311,-117.8107,79035
Jonesboro,AR,35.8212,-90.6791,79187
Perris,CA,33.7898,-117.2233,79349
Davis,CA,38.5553,-121.737,79355
Turlock,CA,37.5053,-120.8588,79394
Plymouth,MN,45.0225,-93.4617,79526
State College,PA,40.7909,-77.8567,79803
Pharr,TX,26.1685,-98.1904,79809
Parma,OH,41.3843,-81.7286,80131
South Jordan,UT,40.557,-111.9784,80331
Salisbury,MD,38.3756,-75.5865,80352
Lakewood,CA,33.8471,-118.1222,80510
North Port,FL,27.0576,-82.1977,80512
Somerville,MA,42.3908,-71.1014,80549
Boynton Beach,FL,26.5281,-80.0811,80601
Morgantown,WV,39.6383,-79.9464,80626
Rancho Cordova,CA,38.5737,-121.2527,80656
Florence,AL,34.8303,-87.6655,80720
Homestead,FL,25.4665,-80.4472,80725
Anderson,IN,40.0891,-85.6892,80820
Lehi,UT,40.4136,-111.8725,81039
Jackson,MI,42.2431,-84.4038,81058
Wenatchee,WA,47.436,-120.3295,81106
Miami Beach,FL,25.8171,-80.1396,81319
Cheyenne,WY,41.135,-104.7902,81378
Alhambra,CA,34.084,-118.1355,81483
New Rochelle,NY,40.9304,-73.7836,81591
Napa,CA,38.2975,-122.301,81643
Owensboro,KY,37.7575,-87.1172,81734
The Villages,FL,28.9034,-81.9887,82108
Johns Creek,GA,34.0333,-84.2027,82115
Silver Spring,MD,39.0028,-77.0207,82129
Folsom,CA,38.6668,-121.1422,82140
Pine Hills,FL,28.5818,-81.4692,82264
Mountain View,CA,37.4001,-122.0796,82363
Redwood City,CA,37.5025,-122.2253,82423
Largo,FL,27.9088,-82.7712,82506
Madera,CA,36.963,-120.0778,82510
Layton,UT,41.077,-111.962,82512
Albany,GA,31.5776,-84.1762,82612
Cranston,RI,41.7658,-71.4858,82632
Hattiesburg,MS,31.3074,-89.317,82730
Warwick,RI,41.7062,-71.4334,82871
Buena Park,CA,33.8572,-118.0046,83052
Cicero,IL,41.8445,-87.7593,83223
Farmington Hills,MI,42.486,-83.3771,83316
Muncie,IN,40.1989,-85.395,83477
Newark,OH,40.0706,-82.425,83890
Westland,MI,42.3192,-83.3805,84155
Newport Beach,CA,33.6151,-117.8668,84304
Springfield,OH,39.93,-83.7959,84309
Brooklyn Park,MN,45.1112,-93.3505,84349
Baytown,TX,29.7587,-94.9671,84538
Decatur,IL,39.8557,-88.9342,84629
Port Huron,MI,42.9821,-82.4388,85051
Auburn,WA,47.3039,-122.2108,85455
Franklin,TN,35.92,-86.8516,85575
Melbourne,FL,28.1086,-80.6627,85718
San Ramon,CA,37.7624,-121.9365,85734
Lake Forest,CA,33.6605,-117.6714,85846
Livermore,CA,37.6868,-121.7607,85870
Whittier,CA,33.9678,-118.0188,85925
Hawthorne,CA,33.9147,-118.3476,85933
Bryan,TX,30.665,-96.3807,86169
Mission,TX,26.2039,-98.3256,86234
Winchester,VA,39.1735,-78.1746,86501
Town 'n' Country,FL,28.0106,-82.5763,86544
Deerfield Beach,FL,26.305,-80.1277,86742
Citrus Heights,CA,38.6948,-121.288,87036
Troy,MI,42.5817,-83.1457,87307
Springdale,AR,36.1901,-94.1574,87388
Lawrence,MA,42.7002,-71.1626,88297
Joplin,MO,37.0757,-94.5018,88490
Newton,MA,42.3316,-71.2085,88504
San Leandro,CA,37.7074,-122.1599,88531
Mayagüez,PR,18.2003,-67.1397,88722
Bloomington,MN,44.8306,-93.3151,88838
Waukegan,IL,42.3698,-87.8716,88919
Clifton,NJ,40.863,-74.1575,89247
Westminster,CA,33.7523,-117.9938,90147
Rapid City,SD,44.0716,-103.2204,90421
Germantown,MD,39.1755,-77.2643,90521
Avondale,AZ,33.3873,-112.3235,90644
Lawton,OK,34.6175,-98.4202,90662
Alafaya,FL,28.528,-81.1868,90874
Norwalk,CT,41.1144,-73.4215,91375
Vineland,NJ,39.4653,-74.9981,91393
Santa Monica,CA,34.0235,-118.481,91535
Kirkland,WA,47.697,-122.2057,91614
Fort Myers,FL,26.6194,-81.8302,91730
Chino,CA,33.9836,-117.6654,91775
South Gate,CA,33.9447,-118.1926,91836
Williamsburg,VA,37.2693,-76.7076,91935
Florence,SC,34.178,-79.7898,92315
Hoover,AL,33.3763,-86.8068,92401
Roswell,GA,34.0391,-84.3513,92577
Mount Pleasant,SC,32.8537,-79.8203,92662
O'Fallon,MO,38.785,-90.7175,92697
Missoula,MT,46.8751,-114.0214,92942
La Crosse,WI,43.8241,-91.2268,93163
Carson,CA,33.8374,-118.2559,93523
Compton,CA,33.893,-118.2274,93525
Fall River,MA,41.7136,-71.1015,93764
Atascocita,TX,29.9777,-95.1953,93926
Plantation,FL,26.1259,-80.2617,94002
Santa Fe,NM,35.6619,-105.9819,94032
Livonia,MI,42.3972,-83.3733,94058
San Marcos,CA,33.135,-117.1743,94078
Slidell,LA,30.2887,-89.7828,94220
Palm Coast,FL,29.5389,-81.2457,94362
Sandy,UT,40.5709,-111.8506,94723
Portsmouth,NH,43.058,-70.7826,94815
Kingsport,TN,36.5224,-82.5454,95059
Manteca,CA,37.7927,-121.2264,95347
Tracy,CA,37.7269,-121.4523,95358
Edmond,OK,35.6689,-97.416,95618
San Germán,PR,18.0827,-67.046,95622
Middletown,OH,39.5033,-84.3659,95894
Prescott Valley,AZ,34.598,-112.3185,96190
Arden-Arcade,CA,38.6017,-121.3845,96319
Lawrence,KS,38.9597,-95.2642,96380
Sunrise,FL,26.1547,-80.2997,96633
Suffolk,VA,36.6953,-76.6398,96638
Conroe,TX,30.3238,-95.4824,96976
Orem,UT,40.2981,-111.6994,97048
Portsmouth,VA,36.8468,-76.354,97299
Beaverton,OR,45.4779,-122.8168,97502
Vista,CA,33.1896,-117.2386,98646
New Braunfels,TX,29.6994,-98.1148,98700
Boca Raton,FL,26.3752,-80.108,98833
Bismarck,ND,46.8143,-100.7694,99060
Federal Way,WA,47.3091,-122.3358,99232
San Angelo,TX,31.4424,-100.4504,99507
Buckeye,AZ,33.4314,-112.6429,99844
St. Augustine,FL,29.8976,-81.31,99936
Hesperia,CA,34.3975,-117.3147,100141
Carmel,IN,39.965,-86.146,100501
Norwalk,CA,33.9069,-118.0829,100713
Lynn,MA,42.4781,-70.9664,100905
Fishers,IN,39.9588,-85.9659,100918
Quincy,MA,42.2506,-71.0187,101361
Highlands Ranch,CO,39.5419,-104.9708,101437
Vacaville,CA,38.3587,-121.9673,102085
Longmont,CO,40.1686,-105.1005,102183
Bowling Green,KY,36.9716,-86.4378,102247
Wichita Falls,TX,33.9072,-98.5291,102558
Daly City,CA,37.6862,-122.4685,102560
Edinburg,TX,26.3196,-98.1597,102561
Lee's Summit,MO,38.9171,-94.3816,102583
Lafayette,CO,39.9946,-105.0998,102615
Charlottesville,VA,38.0375,-78.4855,102802
Goodyear,AZ,33.2614,-112.3622,102891
San Mateo,CA,37.5522,-122.3121,103555
Rialto,CA,34.1175,-117.3892,103866
El Cajon,CA,32.8017,-116.9604,104909
Brockton,MA,42.0821,-71.0242,105080
Burbank,CA,34.1879,-118.3235,105165
San Tan Valley,AZ,33.1786,-111.5629,105231
Renton,WA,47.4784,-122.1918,105279
Spokane Valley,WA,47.6626,-117.2346,105460
Inglewood,CA,33.9566,-118.3444,105575
Columbia,MD,39.2004,-76.859,105871
Jurupa Valley,CA,34.001,-117.4706,106244
Davie,FL,26.0789,-80.287,106412
Rio Rancho,NM,35.2873,-106.6982,106533
Menifee,CA,33.6909,-117.1849,107020
Hillsboro,OR,45.5273,-122.936,107050
El Monte,CA,34.0739,-118.0291,107066
Sandy Springs,GA,33.9366,-84.3703,107198
Bloomington,IN,39.1637,-86.5257,107262
Centennial,CO,39.5926,-104.8673,107386
West Covina,CA,34.0555,-117.9113,107436
Allen,TX,33.1088,-96.6735,107684
Riverview,FL,27.8227,-82.3023,107776
Dearborn,MI,42.3127,-83.213,107846
Auburn,AL,32.6087,-85.4903,108327
Eau Claire,WI,44.8197,-91.4948,108477
Sparks,NV,39.5736,-119.7161,109106
South Fulton,GA,33.6273,-84.58,109157
Chico,CA,39.7578,-121.8161,109411
Sugar Land,TX,29.5935,-95.6358,109735
San Buenaventura,CA,34.2741,-119.2314,109900
Jacksonville,NC,34.7289,-77.3941,109958
Temecula,CA,33.4928,-117.1315,110404
Costa Mesa,CA,33.6667,-117.9135,110538
Holland,MI,42.7677,-86.0984,110905
Everett,WA,47.9525,-122.1669,111083
Miami Gardens,FL,25.9433,-80.2426,111264
Idaho Falls,ID,43.4871,-112.0362,111295
Murrieta,CA,33.5719,-117.1909,111621
Downey,CA,33.9379,-118.1311,111793
Pompano Beach,FL,26.2428,-80.1312,112212
Longview,TX,32.5193,-94.7622,112687
Gresham,OR,45.5021,-122.4413,112818
Sioux City,IA,42.4959,-96.3901,112823
Bend,OR,44.0563,-121.3095,113454
Leominster,MA,42.5209,-71.7717,113462
Waterloo,IA,42.4918,-92.3522,113832
Elgin,IL,42.0383,-88.324,114106
Carlsbad,CA,33.1246,-117.2834,114500
East Los Angeles,CA,34.0326,-118.1691,114617
Lowell,MA,42.6389,-71.3217,114799
Port Arthur,TX,29.8554,-93.9264,114860
League City,TX,29.4874,-95.1087,114885
Ponce,PR,18.0127,-66.6212,114940
Utica,NY,43.0962,-75.2261,114961
Mandeville,LA,30.3751,-90.0904,115292
Richmond,CA,37.9477,-122.3389,115396
Gilroy,CA,37.0046,-121.5854,115448
Westminster,CO,39.8837,-105.0624,115546
Kailua,HI,21.392,-157.7396,115634
Harlingen,TX,26.1916,-97.6977,115767
Broken Arrow,OK,36.038,-95.7806,115919
West Jordan,UT,40.6024,-112.0008,116277
St. Cloud,MN,45.534,-94.1718,116347
Brandon,FL,27.9367,-82.3,116365
The Woodlands,TX,30.1738,-95.5134,116916
Clearwater,FL,27.979,-82.7623,117075
Saginaw,MI,43.4199,-83.9501,117412
North Charleston,SC,32.9067,-80.0722,117460
Monroe,LA,32.5185,-92.0774,117507
Cambridge,MA,42.3759,-71.1185,117794
Richardson,TX,32.9716,-96.7093,118269
Seaside,CA,36.6224,-121.8199,118398
Burlington,VT,44.4876,-73.2316,118409
West Palm Beach,FL,26.7469,-80.132,119508
Pueblo,CO,38.2701,-104.6114,120020
Boulder,CO,40.0248,-105.2524,120121
Berkeley,CA,37.8722,-122.276,120223
Duluth,MN,46.7756,-92.1393,120443
Greenville,NC,35.5943,-77.376,120595
Redding,CA,40.5698,-122.365,120849
Independence,MO,39.0871,-94.3501,121944
Clovis,CA,36.8278,-119.683,122719
Arvada,CO,39.832,-105.151,122835
Logan,UT,41.7399,-111.8422,122915
Rochester,MN,44.0154,-92.478,123252
Lynchburg,VA,37.4003,-79.1909,123662
Temple,TX,31.1068,-97.3891,123932
Waldorf,MD,38.6085,-76.9194,124186
Round Rock,TX,30.527,-97.6642,124288
Meridian,ID,43.6116,-116.3977,124865
Arecibo,PR,18.4491,-66.7387,125548
Kenosha,WI,42.5865,-87.8773,125807
Pearland,TX,29.5581,-95.3218,125983
Simi Valley,CA,34.2663,-118.749,126503
Abilene,TX,32.4543,-99.7384,127130
Lehigh Acres,FL,26.612,-81.6388,127391
Yuba City,CA,39.1357,-121.6383,127854
Dover,DE,39.161,-75.5202,128045
Lewisville,TX,33.0454,-96.9815,128313
Fort Smith,AR,35.3495,-94.3695,128384
Coeur d'Alene,ID,47.704,-116.7936,128680
Norman,OK,35.2335,-97.3471,128714
Bellingham,WA,48.7548,-122.469,128737
Santa Clara,CA,37.3646,-121.968,129239
Johnson City,TN,36.3406,-82.3806,129818
Iowa City,IA,41.6559,-91.5303,129897
Tyler,TX,32.3184,-95.3062,131037
Carrollton,TX,32.989,-96.8999,132741
Charleston,WV,38.3484,-81.6322,133045
Bloomington,IL,40.4757,-88.9703,133107
Billings,MT,45.7891,-108.5526,133173
Sterling Heights,MI,42.5809,-83.0305,133473
Coral Springs,FL,26.2702,-80.2591,133962
Yakima,WA,46.5923,-120.5496,134003
Kent,WA,47.3887,-122.2128,135015
Racine,WI,42.7274,-87.8135,135512
Stamford,CT,41.1039,-73.5585,135806
Elizabeth,NJ,40.6658,-74.1913,135887
Miramar,FL,25.9773,-80.3351,135986
Pasadena,CA,34.1597,-118.139,136462
Hampton,VA,37.0551,-76.363,137334
West Valley City,UT,40.6886,-112.0123,137955
Warren,MI,42.4934,-83.027,138128
Orange,CA,33.8038,-117.8218,138723
Metairie,LA,29.9977,-90.178,138995
Carolina,PR,18.4054,-65.9792,139051
Grand Junction,CO,39.0877,-108.5673,141008
Fullerton,CA,33.8841,-117.9279,141278
Columbia,MO,38.9472,-92.3268,141811
Las Cruces,NM,32.3265,-106.7893,142432
Thornton,CO,39.9197,-104.9438,142878
Torrance,CA,33.8346,-118.3416,143499
Greeley,CO,40.4152,-104.7706,143554
Midland,TX,32.0243,-102.1147,143714
Olathe,KS,38.8833,-94.82,143720
Yuma,AZ,32.5995,-114.5491,144509
Santa Maria,CA,34.9333,-120.4431,144857
Lake Charles,LA,30.201,-93.2111,145110
Elkhart,IN,41.6916,-85.9627,146511
Beaumont,TX,30.0849,-94.1451,146554
St. George,UT,37.0758,-113.5752,147347
Athens,GA,33.9508,-83.3689,147368
Houma,LA,29.58,-90.7059,147841
Pomona,CA,34.0585,-117.7626,148391
Champaign,IL,40.1142,-88.2737,148477
Mesquite,TX,32.7602,-96.5865,148848
Pasadena,TX,29.6575,-95.1498,149345
Naperville,IL,41.748,-88.1659,149424
Surprise,AZ,33.6815,-112.4515,149519
Joliet,IL,41.5188,-88.1499,149785
Escondido,CA,33.1348,-117.0723,149913
Topeka,KS,39.0346,-95.6955,150343
Binghamton,NY,42.1014,-75.9093,150564
Fairfield,CA,38.2583,-122.0335,150794
Bellevue,WA,47.5951,-122.1535,151199
South Lyon,MI,42.4614,-83.6526,151231
New Bedford,MA,41.6697,-70.9428,152104
Roseville,CA,38.7703,-121.3196,152438
Hollywood,FL,26.0293,-80.1679,152935
Sunnyvale,CA,37.3836,-122.0255,153455
Warner Robins,GA,32.5961,-83.6527,154327
Burlington,NC,36.076,-79.4685,154504
Kansas City,KS,39.1235,-94.7443,154776
Springfield,IL,39.7709,-89.654,156240
Lakewood,CO,39.6977,-105.1172,156309
Macon,GA,32.8065,-83.6974,156543
Alexandria,VA,38.8185,-77.0861,156788
Paterson,NJ,40.9147,-74.1624,157660
Corona,CA,33.8616,-117.5649,158839
Hayward,CA,37.6328,-122.0766,159201
Lafayette,IN,40.3991,-86.8593,160373
Leesburg,FL,28.7672,-81.8962,161515
Muskegon,MI,43.2281,-86.2562,162458
Odessa,TX,31.8801,-102.3448,162648
Manchester,NH,42.9848,-71.4447,162716
Merced,CA,37.3057,-120.4779,163257
Norwich,CT,41.5495,-72.0882,163299
Medford,OR,42.3372,-122.854,164628
Santa Cruz,CA,36.9789,-122.0346,165263
Palmdale,CA,34.5944,-118.1057,165487
Tuscaloosa,AL,33.2348,-87.5268,166253
Visalia,CA,36.3276,-119.3269,166273
Fredericksburg,VA,38.2992,-77.4872,166746
Bayamón,PR,18.3794,-66.1635,167312
Marysville,WA,48.0809,-122.1561,168664
Lancaster,CA,34.6935,-118.1753,170013
Pembroke Pines,FL,26.0128,-80.3382,170557
Garden Grove,CA,33.7787,-117.9601,170603
High Point,NC,35.991,-79.9937,171342
Vallejo,CA,38.1125,-122.2342,171414
Oceanside,CA,33.2247,-117.3083,172542
Salinas,CA,36.6883,-121.6317,172995
Rancho Cucamonga,CA,34.1247,-117.5667,174693
Danbury,CT,41.4015,-73.4709,175074
Hemet,CA,33.7341,-116.9969,176009
Cary,NC,35.7819,-78.8195,176686
Panama City,FL,30.1995,-85.6003,177125
Elk Grove,CA,38.4161,-121.3842,177221
Ontario,CA,34.0393,-117.6064,178347
Mauldin,SC,34.7821,-82.3032,179196
Aurora,IL,41.7638,-88.2902,179867
Gainesville,GA,34.2902,-83.8294,182116
Fort Lauderdale,FL,26.1412,-80.1464,183032
Erie,PA,42.1167,-80.0733,184332
Newport News,VA,37.1051,-76.5185,184774
Paradise,NV,36.0872,-115.1355,186178
Tempe,AZ,33.3881,-111.9319,186419
Murfreesboro,TN,35.849,-86.4121,187601
Spring Hill,FL,28.4798,-82.53,188743
Gastonia,NC,35.2494,-81.1854,189767
Glendale,CA,34.1819,-118.2468,192270
Vancouver,WA,45.6366,-122.5967,192696
Cedar Rapids,IA,41.9662,-91.6783,192755
Peoria,AZ,33.7843,-112.2989,194338
Santa Barbara,CA,34.4285,-119.7202,194950
Huntington Beach,CA,33.696,-118.0018,196010
Frederick,MD,39.4337,-77.4141,196743
Overland Park,KS,38.887,-94.687,197199
Waco,TX,31.5599,-97.1882,197594
Ocala,FL,29.178,-82.1511,197770
Grand Prairie,TX,32.6871,-97.0208,198564
Sunrise Manor,NV,36.1783,-115.0487,199099
Waterbury,CT,41.5582,-73.0361,199965
Hickory,NC,35.741,-81.3223,200500
Nampa,ID,43.5844,-116.5638,201129
Huntington,WV,38.4109,-82.4345,201208
McKinney,TX,33.2016,-96.667,202314
Galveston,TX,29.2484,-94.8913,202810
Lorain,OH,41.4409,-82.184,203802
Kalamazoo,MI,42.2749,-85.5882,204408
Amarillo,TX,35.1984,-101.8316,205100
Evansville,IN,37.9881,-87.5341,206418
Hagerstown,MD,39.6401,-77.7217,206889
Sioux Falls,SD,43.5396,-96.7311,207795
Thousand Oaks,CA,34.1914,-118.8756,208302
Yonkers,NY,40.9466,-73.8673,209529
Frisco,TX,33.156,-96.8216,210238
Moreno Valley,CA,33.9244,-117.2045,210378
Spartanburg,SC,34.9442,-81.9251,210388
Fontana,CA,34.0968,-117.4599,211921
Portland,ME,43.6773,-70.2715,213660
Roanoke,VA,37.2785,-79.9581,214019
Olympia,WA,47.0417,-122.8959,215677
College Station,TX,30.5852,-96.2959,215768
Clarksville,TN,36.5692,-87.3413,218159
Spring Valley,NV,36.0952,-115.2636,219913
Gainesville,FL,29.6804,-82.3459,219946
Tacoma,WA,47.2431,-122.4531,220482
San Bernardino,CA,34.1416,-117.2943,221774
Hialeah,FL,25.8696,-80.3045,221901
Brownsville,TX,25.9975,-97.458,223416
Deltona,FL,28.905,-81.2137,224303
Fargo,ND,46.8651,-96.8292,225066
Green Bay,WI,44.5148,-87.9895,227679
Fremont,CA,37.5265,-121.9843,228518
Bremerton,WA,47.5436,-122.7121,228576
Lafayette,LA,30.2082,-92.0325,231548
Gulfport,MS,30.4274,-89.0704,231754
Enterprise,NV,36.0091,-115.2278,232043
Appleton,WI,44.278,-88.3892,234701
Norfolk,VA,36.8945,-76.259,235037
Arlington,VA,38.8786,-77.1011,235463
Aguadilla,PR,18.4382,-67.1537,235546
Scottsdale,AZ,33.6872,-111.8651,242169
Rock Hill,SC,34.9415,-81.0241,244403
Garland,TX,32.91,-96.6304,245298
York,PA,39.9651,-76.7315,246769
Nashua,NH,42.7491,-71.491,247828
Glendale,AZ,33.5791,-112.2311,250193
Chesapeake,VA,36.6778,-76.3023,251153
Montgomery,AL,32.3482,-86.2668,251545
Round Lake Beach,IL,42.3791,-88.0811,252224
Irving,TX,32.8583,-96.9702,255036
Laredo,TX,27.5625,-99.4874,255949
Columbus,GA,32.51,-84.8771,257578
Kennewick,WA,46.1978,-119.1732,260091
St. Petersburg,FL,27.7931,-82.6652,260646
Killeen,TX,31.0753,-97.7297,261099
Tallahassee,FL,30.4551,-84.2527,261271
Peoria,IL,40.752,-89.6154,262461
Santa Clarita,CA,34.4175,-118.4964,265529
North Las Vegas,NV,36.2883,-115.0888,270773
Gilbert,AZ,33.31,-111.7463,271118
Salem,OR,44.9233,-123.0244,272331
Eugene,OR,44.0564,-123.1174,272737
Rockford,IL,42.2596,-89.064,274256
Chula Vista,CA,32.6281,-117.0144,275030
Wilmington,NC,34.2099,-77.8866,275128
South Bend,IN,41.6767,-86.2696,275725
Chandler,AZ,33.2825,-111.8514,278123
Shreveport,LA,32.4653,-93.7955,278269
Reading,PA,40.34,-75.9267,280030
Davenport,IA,41.5565,-90.6053,282356
Lubbock,TX,33.5657,-101.8879,283024
Plano,TX,33.0502,-96.7486,287339
Springfield,MO,37.1943,-93.2916,289041
Anchorage,AK,61.1508,-149.1091,289069
Jersey City,NJ,40.7184,-74.0686,289691
Lakeland,FL,28.0557,-81.9545,290762
Flint,MI,43.0236,-83.6921,291688
Lincoln,NE,40.8099,-96.6784,293055
Canton,OH,40.8078,-81.3676,293657
Asheville,NC,35.5707,-82.5537,295040
Winter Haven,FL,28.0118,-81.7014,296830
Concord,NC,35.3933,-80.6369,297379
Santa Rosa,CA,38.4458,-122.7067,299986
Newark,NJ,40.7245,-74.1725,307188
Poughkeepsie,NY,41.695,-73.9211,307738
St. Paul,MN,44.9478,-93.1039,307762
Irvine,CA,33.6772,-117.7738,308160
Santa Ana,CA,33.7367,-117.8819,311639
Ann Arbor,MI,42.2759,-83.731,314647
Youngstown,OH,41.0993,-80.6463,315751
Savannah,GA,32.0286,-81.1821,316446
Lansing,MI,42.7142,-84.5601,318001
Lexington,KY,38.0423,-84.4587,321122
Mobile,AL,30.6782,-88.1162,324067
Henderson,NV,36.0133,-115.0381,324523
Myrtle Beach,SC,33.7094,-78.8844,325829
Fayetteville,NC,35.085,-78.9772,326821
Jackson,MS,32.3157,-90.2125,331332
Antioch,CA,37.9787,-121.796,333347
Fort Collins,CO,40.5477,-105.0656,339256
Corpus Christi,TX,27.7254,-97.3767,339432
Anaheim,CA,33.839,-117.8574,344553
Fort Wayne,IN,41.0888,-85.1436,345279
Greensboro,NC,36.0956,-79.8271,345858
Honolulu,HI,21.3294,-157.846,346323
Modesto,CA,37.6375,-121.0028,355686
Huntsville,AL,34.6981,-86.6412,359389
Trenton,NJ,40.2237,-74.7641,362501
Victorville,CA,34.5277,-117.3536,363596
Indio,CA,33.7346,-116.2346,371926
Oxnard,CA,34.1964,-119.1815,373423
Scranton,PA,41.4044,-75.6649,375462
Aurora,CO,39.7083,-104.7237,390201
Arlington,TX,32.6998,-97.125,394769
Pensacola,FL,30.4413,-87.1911,401535
Fayetteville,AR,36.0714,-94.1661,405556
Syracuse,NY,43.0407,-76.1437,407625
Lancaster,PA,40.042,-76.3012,408023
Greenville,SC,34.8354,-82.3646,408626
Chattanooga,TN,35.066,-85.2481,410795
Durham,NC,35.9792,-78.9022,411362
Stockton,CA,37.9765,-121.3109,416005
Winston-Salem,NC,36.1029,-80.261,434231
Oakland,CA,37.7904,-122.2166,438072
Springfield,MA,42.1155,-72.5395,438889
Augusta,GA,33.3645,-82.0708,439361
Kissimmee,FL,28.3041,-81.4169,442790
Bonita Springs,FL,26.3558,-81.7859,445500
Boise,ID,43.6005,-116.2308,449428
Reno,NV,39.5497,-119.8483,454814
Denton,TX,33.2175,-97.1418,455152
Long Beach,CA,33.7977,-118.167,458491
Spokane,WA,47.6671,-117.433,458988
Madison,WI,43.0822,-89.393,460255
Little Rock,AR,34.7256,-92.3577,467846
Port St. Lucie,FL,27.2796,-80.3884,473733
Worcester,MA,42.2705,-71.8079,487014
Toledo,OH,41.6638,-83.5827,492076
Staten Island,NY,40.5834,-74.1496,495747
Harrisburg,PA,40.2752,-76.8843,499494
Wichita,KS,37.6895,-97.3443,501760
Mesa,AZ,33.4015,-111.7178,507478
Concord,CA,37.9722,-122.0016,525233
Akron,OH,41.0798,-81.5219,538659
Palm Bay,FL,27.9631,-80.6593,547659
Des Moines,IA,41.5725,-93.6105,560170
New Haven,CT,41.3113,-72.9246,565056
Bakersfield,CA,35.3529,-119.0359,578542
Albany,NY,42.6664,-73.7987,602242
Columbia,SC,34.0378,-80.9036,605083
Grand Rapids,MI,42.9619,-85.6562,611480
Knoxville,TN,35.9692,-83.9496,618226
Ogden,UT,41.2279,-111.9682,623688
Baton Rouge,LA,30.442,-91.1311,630063
Allentown,PA,40.5961,-75.4756,632175
Mission Viejo,CA,33.6096,-117.6551,634674
Colorado Springs,CO,38.8674,-104.7605,638421
Provo,UT,40.2457,-111.6457,639820
Cape Coral,FL,26.6443,-81.9957,656464
Dayton,OH,39.7805,-84.2003,667936
Rochester,NY,43.168,-77.6162,694707
Fresno,CA,36.783,-119.7939,724547
Charleston,SC,32.8168,-79.9687,726389
Tulsa,OK,36.1283,-95.9042,740620
Albuquerque,NM,35.1054,-106.6465,767499
Birmingham,AL,33.5279,-86.7971,778756
McAllen,TX,26.2252,-98.2467,810034
Omaha,NE,41.2627,-96.0529,826161
El Paso,TX,31.8476,-106.43,862494
Tucson,AZ,32.1541,-110.8787,879871
New Orleans,LA,30.0687,-89.9288,918752
Bridgeport,CT,41.1918,-73.1954,921660
Fort Worth,TX,32.7817,-97.3474,941311
Buffalo,NY,42.9018,-78.8487,949547
Louisville,KY,38.1663,-85.6485,965005
Hartford,CT,41.7661,-72.6834,969171
Oklahoma City,OK,35.4676,-97.5136,1000207
Memphis,TN,35.1087,-89.9663,1033394
Richmond,VA,37.5295,-77.4756,1081248
Raleigh,NC,35.8324,-78.6429,1150010
Salt Lake City,UT,40.7776,-111.9311,1169033
Nashville,TN,36.1715,-86.7842,1178679
Providence,RI,41.823,-71.4187,1270529
Milwaukee,WI,43.0642,-87.9675,1290221
Jacksonville,FL,30.3322,-81.6749,1303156
Virginia Beach,VA,36.7335,-76.0435,1431821
Charlotte,NC,35.2083,-80.8303,1436613
Bronx,NY,40.8501,-73.8662,1472654
Columbus,OH,39.9862,-82.9855,1578153
Cleveland,OH,41.4764,-81.6805,1679247
Kansas City,MO,39.1238,-94.5541,1686807
Manhattan,NY,40.7834,-73.9662,1694263
Cincinnati,OH,39.1413,-84.506,1704916
Pittsburgh,PA,40.4397,-79.9763,1712828
Indianapolis,IN,39.7771,-86.1458,1740984
San Jose,CA,37.3012,-121.848,1771563
San Juan,PR,18.3985,-66.061,1809800
Orlando,FL,28.4773,-81.337,1913597
Austin,TX,30.3005,-97.7522,1915031
Sacramento,CA,38.5677,-121.4685,1962998
San Antonio,TX,29.4632,-98.5238,2069843
Portland,OR,45.5371,-122.65,2084045
St. Louis,MO,38.6359,-90.2451,2127843
Baltimore,MD,39.3051,-76.6144,2189589
Las Vegas,NV,36.2333,-115.2654,2256509
Riverside,CA,33.9381,-117.3949,2288508
Queens,NY,40.7498,-73.7976,2405464
Denver,CO,39.762,-104.8758,2691349
Brooklyn,NY,40.6501,-73.9496,2736074
Tampa,FL,27.9945,-82.4447,2906035
Minneapolis,MN,44.9635,-93.2678,2906807
San Diego,CA,32.8313,-117.1222,3057778
San Francisco,CA,37.7558,-122.4449,3364862
Seattle,WA,47.6211,-122.3244,3555253
Detroit,MI,42.3834,-83.1024,3716929
Phoenix,AZ,33.5722,-112.0892,4065338
Boston,MA,42.3188,-71.0852,4355184
Washington,DC,38.9047,-77.0163,5146120
Atlanta,GA,33.7628,-84.422,5211164
Philadelphia,PA,40.0077,-75.1339,5696588
Dallas,TX,32.7935,-96.7667,5843632
Houston,TX,29.786,-95.3885,6046392
Miami,FL,25.784,-80.2101,6113982
Chicago,IL,41.8375,-87.6866,8489066
Los Angeles,CA,34.1141,-118.4068,11885717
New York,NY,40.6943,-73.9249,18832416
